일시,전압,전류,출력,전압(RS),전압(ST),전압(TR),전류(R),전류(S),전류(T),출력,누적발전량,주파수,역률,경사,수평,모듈(℃),외기(℃)
2022-01-01 7:30,299.5,3.3,1,388.93,390.76,389.06,1.5,8.8,8.4,4.21,"212,328.30",59.9,0,0,0,-5.300000191,-3.8
2022-01-01 8:00,670,10,6.74,390.44,393.74,391.92,1,14.3,14.4,6.73,"212,329.00",59.9,99.9,64.18,72.06,-4.100000381,-4.1
2022-01-01 8:30,673,21.2,14.29,389.12,393.14,390.48,3.9,30.4,31.1,14.79,"212,334.41",59.9,99.9,142.93,157.11,-1.600000381,-3.6
2022-01-01 9:00,660,30.1,19.76,390.54,395.3,392.74,9.3,42.2,43.6,21.61,"212,343.59",60,99.9,214.2,236.25,1.799999237,-2.6
2022-01-01 9:30,626,37.3,23.7,389.34,394.28,391.48,13.4,51.4,53.5,26.8,"212,355.80",60,99.9,292.56,317.76,6.200000763,-1.2
2022-01-01 10:00,622.5,43.2,26.95,389.14,394.77,391.52,16.3,59.1,61.8,31.1,"212,370.30",60,99.9,376.03,408.32,10.20000076,-0.1
2022-01-01 10:30,624.5,47.2,29.03,390.76,395.32,392.65,21.5,61.5,64.5,33.51,"212,386.20",59.8,99.9,432.73,476.44,13.79999924,1.5
2022-01-01 11:00,602,51.3,30.58,391.66,396.45,394.05,21.3,65.3,68,35.23,"212,403.30",59.9,99.9,428.79,480.38,22.40000153,4.5
2022-01-01 11:30,360,63.4,22.72,389.94,394.52,392.04,12.9,51.4,53.9,26.81,"212,421.09",60,99.9,488.25,526.44,23.09999847,6.5
2022-01-01 12:00,595,48.6,29.12,390.44,396.41,393.97,10.8,65.4,67.1,32.66,"212,437.91",59.9,99.9,500.06,534.32,17.29999924,6.5
2022-01-01 12:30,616.5,46.3,28.72,379.21,384.66,382.28,20.6,63.1,66.1,33.11,"212,459.00",60.1,99.9,456.75,492.98,15.90000153,6.1
2022-01-01 13:00,601.5,46.5,28.27,387.73,392.97,390.62,19.6,61.4,63.6,32.66,"212,471.30",60.1,99.9,444.15,478.01,17.5,6.7
2022-01-01 13:30,565,45.5,25.76,387.89,392.67,390.42,10.3,59.5,61.4,29.64,"212,487.09",59.9,99.9,416.98,446.51,14.5,6.8
2022-01-01 14:00,559.5,39.8,22.48,387.28,391.82,389.98,13,50,52.2,25.97,"212,501.00",60,99.9,377.61,404.38,13.59999847,6.6
2022-01-01 14:30,556,33,18.55,387.28,391.28,389.45,7.7,41.9,42.9,20.83,"212,512.80",60,99.9,319.73,340.99,11.60000038,6.6
2022-01-01 15:00,520,27.6,14.34,387.72,391.63,389.98,5.7,32,33,15.94,"212,522.09",59.9,99.9,266.96,284.68,9.100000381,6.3
2022-01-01 15:30,455,18.8,8.64,385.78,388.58,386.78,2.5,19.7,20.2,9.49,"212,528.50",59.9,99.9,202.78,215.77,8.899999619,7.1
2022-01-01 16:00,650,7.7,5.1,386.22,388.02,386.42,1.4,12.5,12.8,5.97,"212,532.20",59.9,99.9,135.06,144.11,5.399999619,7.2
2022-01-01 16:30,645,4.7,3.08,385.5,387.2,384.98,1.3,9.6,9.7,4.59,"212,535.00",60,99.9,74.42,77.96,3.5,5.5
2022-01-01 17:00,620,3,1.9,383.77,385.31,383.17,1.7,8.9,8.7,4.28,"212,537.00",59.9,99.9,12.6,15.36,1.299999237,4.1
2022-01-02 8:00,647.5,5.5,3.67,390.02,392.58,390.66,1.3,9.6,9.5,4.61,"212,538.20",60,99.9,27.17,30.71,1.700000763,3.5
2022-01-02 8:30,619,6.6,4.16,390.21,392.41,389.96,0.8,10.4,10.5,4.9,"212,541.00",59.9,99.9,38.19,42.13,3.200000763,3.8
2022-01-02 9:00,624.5,9.3,5.83,387.72,389.77,387.67,0.8,13.3,13.6,6.21,"212,543.30",60,99.9,59.46,65.36,3.600000381,3.8
2022-01-02 9:30,646.5,10.5,6.88,388.58,390.98,388.35,1,15.2,15.5,7.13,"212,547.00",60,99.9,72.84,79.54,5,4.3
2022-01-02 10:00,651.5,14.8,9.69,387.98,390.58,387.98,2.1,20.9,21.3,9.95,"212,553.00",59.9,99.9,108.68,118.91,8.299999237,4.9
2022-01-02 10:30,599.5,28.8,20.53,389.23,392.76,390.23,8.4,38,39.5,19.4,"212,564.70",60,99.9,128.76,139.78,16.29999924,7.2
2022-01-02 11:00,571.5,44.4,25.5,391.26,395.52,393.07,14,56.3,58.6,29.32,"212,579.00",60,99.9,359.49,402.41,18.29999924,7.2
2022-01-02 11:30,604,43.3,26.49,391.43,396.19,393.65,17.4,57.8,60,30.79,"212,594.80",60,99.9,405.17,431.94,18,7.5
2022-01-02 12:00,611.5,44.4,27.87,392.92,397.12,394.72,17.3,60.3,62.9,32.08,"212,609.91",59.9,99.9,466.59,493.37,19.79999924,7.9
2022-01-02 12:30,570.5,47.8,27.41,392.78,397.38,394.82,17,60.1,62.6,31.91,"212,625.91",60,99.9,427.22,456.75,20.79999924,8.3
2022-01-02 13:00,581,46,27.09,391.27,396.4,393.83,16.9,59.6,62.4,31.65,"212,642.00",60.1,99.9,420.92,449.27,18.90000153,8.3
2022-01-02 13:30,579.5,43.8,25.35,390.65,395.76,393.35,14.7,56.2,58.6,29.46,"212,657.30",59.9,99.9,408.32,437.46,15.09999847,7.1
2022-01-02 14:00,566,38.3,21.91,389.74,394.24,391.88,12.4,48.1,50.1,25.07,"212,671.50",60,99.9,365.79,389.81,14.40000153,7.4
2022-01-02 14:30,562,33.8,19.2,390.06,394.83,392.26,7.2,43.8,45,21.8,"212,683.00",60,99.9,330.36,352.01,14.5,8
2022-01-02 15:00,526.5,27.6,14.56,390.58,393.81,391.91,5.7,32.3,33.3,16.16,"212,692.41",59.9,99.9,273.26,290.98,12.5,7.9
2022-01-02 15:30,529,16.8,8.94,389.98,392.48,390.48,2.6,19.9,20.5,9.72,"212,699.00",59.9,99.9,202.39,215.38,11.10000038,8.6
2022-01-02 16:00,650,8.4,5.47,388.52,391.22,389.22,1.2,13,13.2,6.17,"212,703.00",60,99.9,140.18,149.63,8,7.9
2022-01-02 16:30,631,4.9,3.17,385.72,387.92,386.37,1.3,9.6,9.6,4.58,"212,705.30",59.9,99.9,74.81,78.36,5.600000381,6.8
2022-01-02 17:00,614,3.1,1.89,383.38,385.38,383.93,1.6,8.8,8.6,4.22,"212,707.50",59.9,99.9,11.81,14.57,3,5.8
2022-01-02 17:30,467.5,2.2,1.06,385.38,386.98,385.18,1.4,8.7,8.4,4.12,"212,709.00",60,0,0,0,2.5,5.1
2022-01-03 8:00,660.5,6.1,4.08,385.66,388.75,387.25,1.2,10.1,10,4.77,"212,709.00",59.9,99.9,30.71,35.04,-0.700000763,0
2022-01-03 8:30,644.5,5.6,3.62,383.73,386.12,384.22,1.3,9.7,9.7,4.6,"212,712.00",59.9,99.9,24.41,28.35,-0.899999619,0
2022-01-03 9:00,660,30.2,19.88,386.52,391.02,388.82,9,43.7,45,21.97,"212,716.41",59.9,99.9,217.35,239.79,2.799999237,0.5
2022-01-03 9:30,627,37.6,24,387.32,392.68,389.62,9.7,54.6,56.1,27.17,"212,728.70",60,99.9,296.49,322.88,6.700000763,1.5
2022-01-03 10:00,635,42.7,27.69,385.62,390.86,387.52,12,63.1,65.3,31.52,"212,743.41",60,99.9,392.57,424.46,9.799999237,2.4
2022-01-03 10:30,631.5,45,28.28,385.41,390.23,387.38,20,61.1,64.7,32.69,"212,758.70",59.9,99.9,413.04,454.78,10.29999924,3
2022-01-03 11:00,628.5,48.1,29.36,382.56,386.97,384.28,23.2,62.8,65.6,33.71,"212,775.09",59.9,99.9,415.01,480.38,15.70000076,4.3
2022-01-03 11:30,629.5,47.8,28.96,383.22,388.22,385.58,21.5,62.8,64.9,33.28,"212,792.09",59.9,99.9,479.19,515.42,18.79999924,5.1
2022-01-03 12:00,590.5,48.5,28.61,385.68,390.48,388.53,18.9,62.7,65.6,33.06,"212,808.70",60,99.9,492.58,525.26,22.20000076,6.8
2022-01-03 12:30,600.5,50.8,30.07,385.13,391.02,388.48,13,69.5,71.7,34.66,"212,825.50",60,99.9,486.28,522.51,21.79999924,6.7
2022-01-03 13:00,597,47.6,28.15,386.17,391.44,388.6,19.7,60.9,63.5,32.4,"212,842.70",59.8,99.9,449.66,481.95,19,6.9
2022-01-03 13:30,574,43.4,24.87,386.14,390.56,387.96,15.4,55.5,58.2,28.98,"212,857.91",59.9,99.9,402.81,431.55,16.59999847,6.7
2022-01-03 14:00,559,37.8,21.24,386.28,390.32,388.28,13.2,46.7,48.8,24.41,"212,871.09",59.9,99.9,356.34,380.76,13.79999924,6.1
2022-01-03 14:30,559.5,32,18.05,384.22,388.33,385.64,7.9,41.1,42.3,20.38,"212,882.30",60,99.9,312.24,332.72,15.40000153,6.5
2022-01-03 15:00,522,26.4,13.76,383.28,386.18,383.68,6.3,31.2,32.5,15.55,"212,891.20",60,99.9,256.33,272.87,12.70000076,7.7
2022-01-03 15:30,526,16.8,8.92,383.28,385.68,383.32,2.8,20.4,21,9.81,"212,898.00",60,99.9,196.48,209.08,10.10000038,7.3
2022-01-03 16:00,653,8.6,5.68,381.17,383.48,381.18,1.2,13.7,13.9,6.36,"212,901.50",59.9,99.9,130.73,139.78,5.200000763,5.1
2022-01-03 16:30,634,5.5,3.5,375.06,376.56,374.56,1.1,10.1,10.3,4.66,"212,904.20",60,99.9,70.48,74.42,3.399999619,4.1
2022-01-03 17:00,613,3.3,2.11,379.12,380.62,378.37,1.2,9.1,9,4.23,"212,906.41",60,99.9,15.36,18.11,1.299999237,2.9
2022-01-04 7:30,298.5,2.9,0.92,385.66,387.78,385.96,1.7,8.8,8.4,4.22,"212,908.00",60,0,0,0,-0.399999619,1.9
2022-01-04 8:00,659.5,8.6,5.72,386.64,389.24,387.34,0.9,12.8,13,5.98,"212,908.09",60,99.9,54.34,61.42,-0.399999619,1.4
2022-01-04 8:30,666.5,19.8,13.34,379.38,382.42,380.82,3.4,29.5,30,13.85,"212,913.00",60,99.9,138.21,152.77,4.5,2.6
2022-01-04 9:00,649,28.7,18.85,381.92,386.18,384.08,8.7,41.6,42.9,20.71,"212,921.70",60,99.9,211.44,233.1,9.200000763,2.5
2022-01-04 9:30,639,36.1,23.52,381.56,386.53,383.33,14.5,51.9,53.9,26.7,"212,933.59",60,99.9,294.92,319.73,12.70000076,4.1
2022-01-04 10:00,624.5,42.7,26.67,383.05,387.82,384.97,19.8,62.2,63.9,32.51,"212,948.09",59.9,99.9,375.24,407.53,16.40000153,5.2
2022-01-04 10:30,630,46.1,29.09,382.28,387.23,384.28,12.1,67.9,69.8,33.34,"212,964.09",59.9,99.9,433.52,472.89,17.20000076,5.8
2022-01-04 11:00,633,48.3,30.5,383.18,387.4,384.68,22.7,66.2,68.8,35.11,"212,981.30",60,99.9,429.98,505.97,19.20000076,7
2022-01-04 11:30,626,47.8,30.35,384.14,388.95,386.16,24.7,65,67.4,35.1,"212,999.09",60.1,99.9,493.76,529.99,19.09999847,6.4
2022-01-04 12:00,594,49,29.89,383.97,389.32,387.18,12.5,69.5,71.5,34.38,"213,016.09",60.1,99.9,511.48,549.28,23.29999924,7.9
2022-01-04 12:30,616,47.2,29.26,385.78,390.88,388.58,20.9,63.8,66.5,33.97,"213,032.91",60,99.9,465.41,502.03,21.20000076,7.9
2022-01-04 13:00,605,47.1,28.33,380.58,385.62,383.72,21.5,63.2,65.2,33.24,"213,049.41",59.9,99.9,450.45,484.31,20,7.3
2022-01-04 13:30,575.5,45.2,26.53,379.68,384.25,382.12,16.7,60.6,63.3,31.07,"213,065.30",59.9,99.9,424.86,453.6,18.5,7.3
2022-01-04 14:00,568,40.5,22.99,377.93,382.23,379.86,14.2,52.5,54.7,26.68,"213,079.70",59.9,99.9,385.09,410.29,15.79999924,6.4
2022-01-04 14:30,567,34.8,19.73,378.12,382.08,379.78,11.4,44.5,46.3,22.46,"213,092.00",59.9,99.9,337.05,359.1,13.40000153,5.9
2022-01-04 15:00,530,28,14.94,375.78,379.48,377.08,6.7,34.4,35.5,16.72,"213,102.00",59.9,99.9,276.81,294.52,9.600000381,5.4
2022-01-04 15:30,535,17.2,9.32,374.72,377.18,375.08,3.2,21.8,22.4,10.29,"213,109.00",60,99.9,211.84,225.62,8.100000381,5.9
2022-01-04 16:00,647,8.1,5.33,374.87,376.82,374.52,1.1,13.2,13.5,6.03,"213,112.50",60,99.9,143.32,152.77,5.700000763,6.2
2022-01-04 16:30,635,5.1,3.28,377.12,378.87,376.98,1,9.9,10,4.56,"213,115.09",60,99.9,80.32,84.26,3.299999237,4.6
2022-01-04 17:00,621.5,3.1,1.94,379.26,380.48,378.88,1.3,9,8.9,4.21,"213,117.30",59.9,99.9,14.96,17.72,0.799999237,3.2
2022-01-04 17:30,454,2.1,1.03,377.96,379.32,377.16,1.4,9,8.6,4.15,"213,119.00",59.9,0,0,0,-0.700000763,2.4
2022-01-05 7:30,228.5,3.1,0.74,382.42,384.02,382.82,1.8,8.8,8.4,4.2,"213,119.00",60,0,0,0,-2.700000763,-1.3
2022-01-05 8:00,667.5,6.2,4.19,390.22,392.82,391.22,0.9,10.1,10.1,4.77,"213,119.09",59.9,99.9,33.08,37.41,-2,-1.2
2022-01-05 8:30,675.5,14.8,10.08,384.78,387.96,385.95,1.6,21.8,22.1,10.16,"213,122.41",59.9,99.9,100.8,110.64,-0.100000381,-0.7
2022-01-05 9:00,655.5,26,17.08,383.68,387.48,385.02,7.1,37.4,38.4,18.47,"213,129.70",59.9,99.9,190.18,208.69,4.200000763,0.2
2022-01-05 9:30,643,33.1,21.35,381.52,386.52,383.22,12.4,46.6,48.4,23.84,"213,140.00",59.9,99.9,264.21,285.47,8.5,1.3
2022-01-05 10:00,622,35.3,22.08,382.18,386.78,383.68,13.7,49.4,51.7,25.51,"213,152.20",60,99.9,300.43,324.45,12.40000153,2.2
2022-01-05 10:30,632.5,30.1,19.04,378.92,383.18,380.58,9.4,42.9,44.3,21.28,"213,165.20",59.9,99.9,272.87,298.07,15.79999924,3.6
2022-01-05 11:00,632.5,34,21.28,378.48,382.78,380.13,9.1,49.3,50.6,23.99,"213,176.00",60,99.9,287.04,316.58,13.20000076,4.7
2022-01-05 11:30,626,45.1,28.44,381.33,386.12,383.42,22.4,62.8,65.9,33.52,"213,185.80",59.9,99.9,424.46,454.39,13.09999847,4.3
2022-01-05 12:00,631,24.7,15.65,381.16,385.18,382.66,6.7,35.3,36.5,17.39,"213,195.00",60,99.9,213.81,227.59,12.40000153,4.2
2022-01-05 12:30,587,44,26.01,382.88,387.98,385.04,17.5,57,59.8,29.93,"213,209.00",60.1,99.9,396.9,424.07,19.29999924,6.5
2022-01-05 13:00,600,39,23.48,382.18,386.72,383.82,15.1,52.1,54.6,27.06,"213,223.00",60,99.9,0,0,0,0
2022-01-05 13:30,617,36.5,22.83,379.24,383.45,380.62,15.5,50.7,53.6,26.4,"213,235.80",60,99.9,331.93,353.19,12.29999924,5.6
2022-01-05 14:00,621,14.9,9.29,376.52,379.42,376.42,2.9,21.4,22,10.1,"213,246.00",60,99.9,124.03,131.91,8.600000381,5.4
2022-01-05 14:30,636.5,19.6,12.51,376.48,379.46,376.66,4.4,28.6,29.3,13.59,"213,252.30",60,99.9,185.06,196.48,9.299999237,5.2
2022-01-05 15:00,636,12.7,8.16,375.36,377.86,375.34,1.8,18.9,19.3,8.7,"213,257.41",60,99.9,106.71,113.79,6.799999237,4.5
2022-01-05 15:30,620,4.4,2.77,374.78,376.52,374.08,1.1,9.5,9.5,4.35,"213,260.50",60,99.9,24.41,28.35,4.799999237,3.9
2022-01-05 16:00,624,5.1,3.27,377.32,379.62,377.17,1.1,10,10,4.61,"213,263.00",60,99.9,32.29,36.22,4,3.6
2022-01-05 16:30,627,4.8,3.05,377.58,379.12,377.12,1,9.7,9.7,4.45,"213,265.00",59.9,99.9,28.35,33.08,3,2.9
2022-01-05 17:00,601,2.6,1.61,377.77,379.82,377.54,1.5,9,8.7,4.2,"213,267.00",59.9,99.9,0,12.21,2.299999237,2.6
2022-01-06 7:30,256.5,3.1,0.79,385.92,388.08,386.62,1.5,8.8,8.4,4.18,"213,268.00",59.9,0,0,0,0,2.1
2022-01-06 8:00,667,7.1,4.85,386.48,390.17,388.02,1,11.2,11.3,5.28,"213,268.00",59.9,99.9,43.71,48.04,1.299999237,2.4
2022-01-06 8:30,663.5,17.8,11.87,385.55,389.18,386.55,2.9,25.7,26.2,12.27,"213,272.00",59.9,99.9,123.64,133.09,4.200000763,2.6
2022-01-06 9:00,648.5,28.1,18.15,378.28,382.12,379.58,6.8,40.9,41.9,19.69,"213,280.00",60,99.9,203.96,218.93,7.700000763,2.9
2022-01-06 9:30,626.5,35.8,22.73,381.57,386.27,383.37,13.9,50.9,52.8,26.1,"213,291.30",59.9,99.9,288.23,302.79,12.70000076,4.1
2022-01-06 10:00,610,43.5,26.28,381.92,386.65,383.48,19,57.6,59.4,30.2,"213,305.41",59.9,99.9,374.46,394.54,18.70000076,5.6
2022-01-06 10:30,608,47.5,28.51,383.02,387.88,385.12,20.7,62,64.8,32.87,"213,321.30",59.9,99.9,433.52,457.54,21.20000076,6.3
2022-01-06 11:00,603,49.6,30.75,385.88,390.72,388.42,22.3,66.8,69.7,35.67,"213,338.09",59.9,99.9,431.16,491.79,23.29999924,8
2022-01-06 11:30,585.5,53.8,31.89,383.27,389.06,386.02,14.1,75.6,78,37.48,"213,356.50",60.1,99.9,498.88,520.93,22.5,9.5
2022-01-06 12:00,377,64,24.08,384.82,389.78,387.38,14.1,55.6,57.9,28.59,"213,374.70",59.9,99.9,507.54,531.56,23.59999847,9.1
2022-01-06 12:30,459,59.3,27.23,385.26,390.3,387.94,18.1,61.6,64.2,32.29,"213,391.41",60.1,99.9,463.84,489.43,20.29999924,8.4
2022-01-06 13:00,443.5,56.7,25.19,381.16,386.38,383.78,16.4,57.8,60.2,29.84,"213,408.30",59.8,99.9,450.45,477.23,17.90000153,8.4
2022-01-06 13:30,586,45.5,26.89,383.18,387.59,385.48,18.3,59.9,62.2,31.3,"213,424.41",59.9,99.9,425.64,450.45,16.5,7.8
2022-01-06 14:00,564,41.1,23.38,379.64,383.87,381.54,15,53.1,55.2,27.21,"213,439.00",59.9,99.9,387.84,411.86,14.70000076,7.3
2022-01-06 14:30,571.5,34.8,20,380.08,383.92,381.37,12,45,46.9,22.93,"213,451.59",59.9,99.9,338.23,359.89,12.70000076,6.6
2022-01-06 15:00,548,27.8,15.24,379.32,382.98,380.72,7.3,34.4,35.7,17.05,"213,461.59",60,99.9,277.59,294.52,10.39999962,6.4
2022-01-06 15:30,468,20.5,9.64,379.48,382.15,379.84,3.4,22.5,23.1,10.77,"213,469.00",59.9,99.9,214.59,227.98,7.899999619,6.4
2022-01-06 16:00,572.5,8.8,5.14,380.64,382.3,380.32,1.3,12.9,13.2,6.03,"213,472.50",59.9,99.9,146.48,155.53,5.799999237,6.1
2022-01-06 16:30,639,5,3.3,374.88,376.08,374.68,1.1,9.9,10.1,4.57,"213,475.20",59.9,99.9,82.29,86.23,3.899999619,4.7
2022-01-06 17:00,617,3.3,2.06,376.08,376.92,375.38,1.2,9,8.9,4.15,"213,477.30",59.9,99.9,29.14,31.5,2,3.8
2022-01-07 7:30,487.5,3,1.48,384.72,386.72,385.12,1.8,8.7,8.3,4.19,"213,479.00",60,0,0,0,-1.100000381,0.2
2022-01-07 8:00,675.5,7.5,5.11,389.88,392.68,390.28,1,11.4,11.5,5.4,"213,479.00",60,99.9,45.28,51.19,-0.299999237,0.5
2022-01-07 8:30,663,18.8,12.5,384.32,387.62,385.12,3.1,27.2,27.7,12.93,"213,483.50",59.9,99.9,126.79,140.57,2.5,1.1
2022-01-07 9:00,653.5,28.5,18.59,384.88,388.97,386.26,8.2,40.6,42.1,20.33,"213,492.00",60,99.9,204.36,225.62,5.600000381,1.2
2022-01-07 9:30,639.5,35.8,22.92,384.38,388.48,385.78,12.7,50.9,52.9,26.02,"213,503.50",60,99.9,285.86,306.34,8.600000381,2.3
2022-01-07 10:00,614,43.3,26.41,384.78,389.22,386.32,14.5,58.2,60.9,29.88,"213,524.00",59.9,99.9,369.34,402.41,11.60000038,3.2
2022-01-07 10:30,618,46.7,28.67,381.36,385.12,382.68,22.9,61.5,64,32.86,"213,533.50",59.9,99.9,439.42,465.41,17,4.4
2022-01-07 11:00,617.5,48.6,29.73,383.02,387.88,385.02,13.5,68.2,70,33.82,"213,550.30",60,99.9,427.22,507.15,18,5.5
2022-01-07 11:30,332.5,63.6,21.15,385.48,389.28,387.08,12,48.8,50.5,24.92,"213,567.91",60,99.9,489.04,520.93,25.29999924,7.3
2022-01-07 12:00,593,49.3,28.87,387.22,391.77,389.83,21.5,62.2,64.6,33.41,"213,584.59",60,99.9,484.31,516.21,27,10.1
2022-01-07 12:30,602.5,48.1,28.81,384.92,390.32,387.72,21.2,62.4,65.2,33.37,"213,601.30",59.9,99.9,453.6,488.64,18,10.3
2022-01-07 13:00,589,48.5,28.09,384.72,389.85,387.07,18.9,62.2,65,32.72,"213,617.80",59.9,99.9,446.12,478.8,18.59999847,10
2022-01-07 13:30,566.5,46.1,26.08,383.72,387.93,385.78,16.8,58.4,61,30.39,"213,633.70",59.9,99.9,422.49,451.63,18.29999924,10.1
2022-01-07 14:00,553,41.5,22.79,383.27,387.18,384.54,14.9,51.3,53.8,26.71,"213,647.80",60,99.9,387.06,413.04,17.29999924,9.9
2022-01-07 14:30,555,35.2,19.52,382.12,386.38,383.68,10.9,43.9,45.6,22.3,"213,660.09",60,99.9,338.23,361.07,16.40000153,9.4
2022-01-07 15:00,524,28.2,15.01,381.28,384.32,382.02,7.1,34,35,16.83,"213,670.00",60,99.9,279.17,297.67,14,9.6
2022-01-07 15:30,464,21,9.72,380.82,383.52,381.22,3.3,22.4,23.1,10.77,"213,677.00",59.9,99.9,216.56,230.74,11.79999924,9.6
2022-01-07 16:00,559.5,8.8,5.02,381.82,383.82,382.32,1.3,12.8,13.2,6.04,"213,681.00",60,99.9,145.69,155.53,9.399999619,10.3
2022-01-07 16:30,640,4.9,3.22,379.55,381.12,379.65,1.3,10,10.1,4.7,"213,683.50",60,99.9,85.05,89.38,6.399999619,8.3
2022-01-07 17:00,621,3.1,1.94,379.72,381.14,379.74,1.4,9.1,9,4.28,"213,686.00",60,99.9,33.47,35.04,3.600000381,6.6
2022-01-08 8:00,671.5,9.1,6.23,388.78,391.12,389.28,0.9,13.7,13.8,6.4,"213,688.00",60,99.9,61.82,68.91,3.299999237,3.8
2022-01-08 8:30,652,12.4,8.3,388.75,390.47,388.57,1.4,17.7,18,8.34,"213,692.00",59.9,99.9,80.72,90.56,4.100000381,4.1
2022-01-08 9:00,641,17.1,11.06,387.46,389.88,388.67,2.9,24.2,24.6,11.62,"213,697.00",60,99.9,113.01,126,5.100000381,4.7
2022-01-08 9:30,664.5,29.1,19.21,387.08,390.77,388.48,7,42.3,43.4,20.84,"213,703.20",60,99.9,233.1,249.24,8.600000381,5.2
2022-01-08 10:00,625.5,30,19.26,388.52,391.88,390.62,9.1,41.4,42.8,21.06,"213,715.41",60,99.9,259.09,285.86,13.29999924,6.1
2022-01-08 10:30,603.5,27.8,17.01,386.35,389.8,388.34,8.1,37.3,38.6,18.85,"213,726.41",60,99.9,232.71,254.76,10.20000076,6
2022-01-08 11:00,641.5,48.6,30.96,387.62,392.15,390.15,21.1,66.1,68.9,35.21,"213,740.50",60,99.9,479.19,554.01,19.5,7.6
2022-01-08 11:30,621,46.6,28.95,387.85,392.65,390.38,19.3,63.3,66.2,33.59,"213,757.20",60,99.9,468.17,509.12,21,9
2022-01-08 12:00,578,37.6,21.76,389.76,394.26,391.98,11.9,48.1,50,24.94,"213,773.30",60,99.9,337.44,361.86,26.09999847,11
2022-01-08 12:30,607,48.9,29.19,389.68,395.08,392.38,19.1,63.5,66.1,33.76,"213,786.70",59.9,99.9,478.8,515.81,21,11.4
2022-01-08 13:00,568.5,23.4,13.12,383.66,387.45,385.65,4.8,30,30.7,14.61,"213,800.41",59.9,99.9,205.54,221.68,17.5,9.7
2022-01-08 13:30,626,16.8,10.56,382.28,384.88,383.22,3.6,23.9,24.6,11.55,"213,806.59",60,99.9,142.93,152.38,11.20000076,8
2022-01-08 14:00,633,14,8.98,381.54,384,382.32,2.7,20.3,20.8,9.69,"213,812.00",60,99.9,116.16,124.82,9.399999619,7.7
2022-01-08 14:30,633,10.2,6.47,384.52,387.32,385.38,1.2,15.1,15.4,7.07,"213,816.20",59.9,99.9,77.96,85.05,8.600000381,7.5
2022-01-08 15:00,551,28.2,15.48,385.86,389.12,387.27,6.8,34.5,35.5,17.2,"213,821.20",60,99.9,284.68,302.4,11.70000076,7.9
2022-01-08 15:30,572,17,9.74,386.55,389.22,387.45,2.7,21.9,22.5,10.56,"213,828.20",60,99.9,203.96,217.74,10.5,7.9
2022-01-08 16:00,650,8.8,5.82,387.05,389.68,387.72,1.1,13.6,13.9,6.42,"213,832.30",59.9,99.9,124.43,133.09,7.5,6.9
2022-01-08 16:30,642,5.7,3.75,381.58,383.48,381.59,1,10.3,10.4,4.79,"213,835.09",60,99.9,61.82,66.15,5.600000381,6.2
2022-01-08 17:00,606,3.4,2.09,382.02,383.62,381.92,1.5,8.9,8.7,4.22,"213,837.30",60,99.9,14.18,16.93,3.899999619,5.3
2022-01-09 8:00,626,5,3.22,390.92,393.02,391.02,1,9.4,9.3,4.46,"213,839.41",60,99.9,24.41,27.96,2.5,4
2022-01-09 8:30,650,7.8,5.12,387.35,389.29,387.92,1,11.9,12.1,5.61,"213,842.00",60,99.9,51.58,56.7,3.600000381,4.2
2022-01-09 9:00,648.5,10.4,6.81,387.22,389.53,388.02,1.1,15.1,15.3,7.07,"213,845.09",60,99.9,73.63,80.32,4.600000381,4.5
2022-01-09 9:30,649.5,17.8,11.63,386.68,390.22,388.32,3.3,25.3,25.9,12.24,"213,849.59",59.9,99.9,140.96,150.81,6.799999237,4.8
2022-01-09 10:00,640.5,28.6,18.5,385.24,389.66,387.32,9.9,40.5,42.1,20.73,"213,857.09",60,99.9,248.06,266.57,11.89999962,6.1
2022-01-09 10:30,608,37.8,23.12,387.74,392.76,390.64,9.1,53,54.4,26.32,"213,869.59",60.1,99.9,332.33,356.74,18.70000076,7.3
2022-01-09 11:00,615,38.1,23.47,387.98,392.18,390.38,13.6,51.9,54.3,27.04,"213,883.91",59.9,99.9,329.57,357.92,20.29999924,9.4
2022-01-09 11:30,611,39.8,24.17,387.08,392.37,390.17,9.2,56.5,57.9,27.9,"213,898.09",60.1,99.9,360.67,382.73,19.79999924,9.6
2022-01-09 12:00,606,32.2,19.49,391.58,396.07,393.68,9.8,42.8,44.7,22.16,"213,911.80",59.9,99.9,284.68,302.4,19.29999924,9.8
2022-01-09 12:30,610.5,32.2,19.89,391.22,395.93,393.82,11.5,42.8,44.7,22.54,"213,923.00",60,99.9,290.59,311.06,14.5,8.3
2022-01-09 13:00,611.5,31,19.07,387.28,391.85,389.88,10.1,41.9,43.4,21.51,"213,934.50",60,99.9,278.77,297.67,14.70000076,8.1
2022-01-09 13:30,609,31,18.96,386.38,390.66,388.92,8,43,44.3,21.43,"213,945.41",60,99.9,287.04,305.55,13.79999924,7.8
2022-01-09 14:00,613,30.4,18.75,386.44,390.62,388.98,10.2,41.2,42.8,21.18,"213,956.00",60,99.9,296.89,315.39,14.79999924,8.5
2022-01-09 14:30,639,17.5,11.24,385.13,389.02,387.12,3.3,25,25.6,12.07,"213,965.00",59.9,99.9,159.47,170.1,10.10000038,7.5
2022-01-09 15:00,632,17,10.76,385.95,388.82,387.3,3.2,24.1,24.7,11.65,"213,970.59",59.9,99.9,165.38,175.61,9.600000381,7.5
2022-01-09 15:30,643,15,9.73,385.38,388.48,386.68,2.4,21.9,22.4,10.45,"213,976.50",59.9,99.9,146.48,155.53,10.5,7.9
2022-01-09 16:00,627.5,7.8,4.94,389.48,391.77,389.78,1,12.3,12.6,5.84,"213,980.20",60,99.9,59.06,64.18,7.100000381,6.7
2022-01-09 16:30,622,4.8,3.02,385.58,387.46,385.98,1.1,9.5,9.6,4.51,"213,983.00",59.9,99.9,28.74,32.68,5.799999237,6.3
2022-01-09 17:00,603,3,1.91,384.73,386.73,384.93,1.4,9,8.7,4.25,"213,985.00",60,99.9,11.81,14.57,4.299999237,5.7
2022-01-10 7:30,436.5,2.9,1.31,383.8,384.85,383.95,1.6,8.8,8.4,4.17,"213,986.09",60,0,0,0,1.100000381,2.5
2022-01-10 8:00,623.5,4.5,2.9,388.42,390.02,388.42,1.4,9.1,9,4.38,"213,986.09",59.9,99.9,19.29,22.44,1.600000381,2.8
2022-01-10 8:30,652.5,10.5,6.86,385.22,387.02,385.06,1.1,15.2,15.4,7.06,"213,988.50",59.9,99.9,70.88,77.57,3.100000381,3
2022-01-10 9:00,648,15,9.74,382.34,384.84,382.42,2.2,21.6,22,10.14,"213,993.00",60,99.9,109.46,119.7,4.100000381,2.8
2022-01-10 9:30,640.5,30.4,19.4,381.72,385.78,382.88,8.5,43.2,44.4,21.31,"214,001.00",60,99.9,244.13,257.51,9,3.6
2022-01-10 10:00,632.5,35.6,22.38,381.08,385.32,382.97,13.8,49.8,51.9,25.59,"214,012.80",60,99.9,306.34,326.81,11.29999924,4.3
2022-01-10 10:30,600.5,40.7,24.29,382.26,386.66,383.76,14.8,55,56.9,28.15,"214,026.00",59.9,99.9,339.41,360.67,14.79999924,4.9
2022-01-10 11:00,612,45.4,27.33,382.28,386.46,383.93,18.6,60.5,62.7,31.5,"214,041.50",59.9,99.9,388.63,432.34,23,8.2
2022-01-10 11:30,618.5,46.5,28.69,384.75,389.22,386.45,22,62.6,64.5,33.34,"214,057.59",60,99.9,461.08,479.98,24.29999924,10.9
2022-01-10 12:00,609.5,46.4,28.01,387.31,391.82,389.42,11.4,60.1,62.3,30.15,"214,072.09",60,99.9,445.33,467.77,17.90000153,9.4
2022-01-10 12:30,606.5,45.7,28.01,381.54,386.84,384.82,18.7,60.2,62.5,31.45,"214,088.41",59.9,99.9,439.42,461.48,21.29999924,9.9
2022-01-10 13:00,576,45.4,26.21,381.73,386.75,385.18,16.8,59.1,61.5,30.57,"214,103.91",60,99.9,413.04,432.73,20.20000076,9.9
2022-01-10 13:30,576.5,38.2,22.09,379.54,384.16,381.94,13.4,49.8,51.9,25.43,"214,118.59",60,99.9,353.98,371.7,17.79999924,10.4
2022-01-10 14:00,588,34.8,20.49,378.76,382.78,380.36,9,47.8,49.4,23.38,"214,130.30",60,99.9,340.59,358.31,16.40000153,9.9
2022-01-10 14:30,623,19.7,12.33,381.18,384.28,382.18,5.3,27.8,28.8,13.69,"214,139.00",60,99.9,185.46,195.3,12.29999924,9.3
2022-01-10 15:00,620.5,19.3,12.04,381.79,385.17,382.9,4.3,27.4,28.2,13.27,"214,145.00",59.9,99.9,184.27,193.73,12.09999847,9.1
2022-01-10 15:30,632.5,14,8.92,381.68,384.18,382.32,3,20.3,20.9,9.78,"214,150.00",59.9,99.9,126.39,133.48,9.700000763,8.4
2022-01-10 16:00,639,7.6,4.92,383.62,385.12,383.72,1,12.3,12.6,5.75,"214,153.50",60,99.9,62.61,67.33,8.200000763,8.2
2022-01-10 16:30,613,4.9,3.09,376.97,378.27,377.17,1,9.6,9.7,4.43,"214,156.20",59.9,99.9,29.92,33.47,6.799999237,7.2
2022-01-10 17:00,594,2.9,1.81,377.03,377.92,376.82,1.5,9,8.7,4.18,"214,158.41",60,99.9,11.02,14.18,5.700000763,6.6
2022-01-11 7:30,293.5,2.9,0.89,386.46,388.06,386.37,1.4,8.8,8.4,4.16,"214,160.00",59.9,0,0,0,-2.100000381,0.7
2022-01-11 8:00,655.5,6.5,4.32,388.52,390.72,388.92,1.1,10.4,10.4,4.93,"214,160.00",59.9,99.9,35.04,40.16,-1.600000381,0.2
2022-01-11 8:30,669.5,18.8,12.59,387.32,390.32,387.92,3.1,27.3,27.8,13.07,"214,164.09",60,99.9,129.54,142.14,1.200000763,-0.1
2022-01-11 9:00,662.5,27.8,18.46,384.22,387.54,385.12,7.9,40.7,41.7,20.13,"214,172.20",59.9,99.9,203.96,224.04,2.700000763,-0.2
2022-01-11 9:30,652.5,34,22.49,383.78,388.32,385.16,11.9,49.8,51.5,25.25,"214,183.70",60,99.9,276.81,290.98,6.100000381,0.3
2022-01-11 10:00,643.5,40.9,26.02,384.22,388.75,385.72,15.4,58,60.6,29.93,"214,197.80",60,99.9,357.13,383.91,8.899999619,0.5
2022-01-11 10:30,621.5,47.3,29.66,382.88,387.05,384.34,20.5,66,69.1,34.61,"214,214.00",60.1,99.9,428.4,460.69,13,1.7
2022-01-11 11:00,630,51.5,31.75,379.68,383.52,381.06,23.8,69.9,72.6,36.67,"214,231.91",60,99.9,436.67,514.24,11.39999962,1.1
2022-01-11 11:30,631,51,32.35,381.22,385.19,382.02,25.5,69.2,71.9,36.86,"214,250.50",60,99.9,499.67,544.95,16.40000153,2
2022-01-11 12:00,638.5,47.7,30.97,385.82,390.72,387.93,23.9,65.9,68.4,35.51,"214,268.70",60,99.9,488.64,526.84,13.59999847,1.4
2022-01-11 12:30,636,50,30.44,386.03,391.07,387.64,23.4,65.6,68.2,35.29,"214,285.91",60,99.9,480.38,516.6,14,2.4
2022-01-11 13:00,637.5,47,30.08,382.95,388.62,386.65,23,64.7,67.1,34.58,"214,303.41",60,99.9,467.77,501.24,13.90000153,3.4
2022-01-11 13:30,627,44.3,27.9,381.76,387.37,384.74,11.2,64.6,66.2,31.62,"214,320.00",59.9,99.9,443.76,474.47,11.60000038,2.9
2022-01-11 14:00,598,42.4,25.2,379.38,384.03,381.59,18.3,56.6,58.4,29.42,"214,335.50",59.9,99.9,407.53,434.31,9.799999237,2.3
2022-01-11 14:30,583.5,37.1,21.55,380.02,383.92,381.72,12.2,48.2,50.1,24.4,"214,349.30",60,99.9,357.92,381.15,9.399999619,2.3
2022-01-11 15:00,581,29,16.94,381.58,384.43,382.22,9.4,37.5,39,19,"214,360.00",60,99.9,300.43,318.94,7,1.5
2022-01-11 15:30,590,19.2,11.38,382.38,384.48,382.58,3.7,25.6,26.3,12.31,"214,368.00",59.9,99.9,235.46,249.64,5.299999237,2.6
2022-01-11 16:00,653,9.4,6.24,380.26,381.66,379.63,1,14.7,15,6.75,"214,372.41",59.9,99.9,167.74,177.98,2.200000763,0.8
2022-01-11 16:30,659,5.5,3.66,377.72,379.22,377.12,1.1,10.1,10.3,4.69,"214,375.20",60,99.9,107.49,112.22,0.399999619,0.9
2022-01-11 17:00,622,3.5,2.26,376.68,378.06,376.46,1.2,9.1,8.9,4.18,"214,377.41",60,99.9,45.28,48.04,-2,-0.2
2022-01-12 8:00,688,9.3,6.52,386.88,388.88,387.08,1,13.8,14,6.45,"214,380.00",60,99.9,61.03,67.72,-6.899999619,-6.8
2022-01-12 8:30,678,20.8,14.16,383.02,385.72,384.02,3.5,30.9,31.4,14.62,"214,385.09",60,99.9,142.14,157.11,-4.100000381,-6.2
2022-01-12 9:00,667,30.3,20.18,379.62,383.36,381.57,9,44.6,45.8,21.93,"214,394.30",60,99.9,219.32,241.37,-0.600000381,-5.4
2022-01-12 9:30,651.5,38,24.72,380.58,385.08,381.98,10.7,55.6,57,27.28,"214,406.70",60,99.9,303.98,317.36,1.5,-4.6
2022-01-12 10:00,636,44.2,28.08,381.43,385.98,383.08,19.1,61.9,64.6,32.29,"214,421.80",59.9,99.9,389.81,420.92,4.5,-3.3
2022-01-12 10:30,631.5,48.6,30.29,383.23,388.16,384.68,12.8,70.5,72.1,34.64,"214,438.59",59.9,99.9,441,478.01,7.899999619,-2.1
2022-01-12 11:00,633.5,49.5,31.26,383.23,387.75,384.98,23.8,67.5,70.4,36.02,"214,456.30",60,99.9,445.33,524.87,13.5,-0.1
2022-01-12 11:30,633,50.5,31.62,383.78,388.38,385.72,25.9,67.5,70.4,36.55,"214,474.41",60,99.9,505.58,551.64,16.09999847,0.7
2022-01-12 12:00,630.5,46.2,29.38,383.74,387.64,385.71,27.1,62.3,66.5,34.75,"214,491.50",60,99.9,486.67,527.23,18.09999847,1.4
2022-01-12 12:30,571,54.3,31.13,381.52,386.52,383.92,24.5,67,70.6,36,"214,508.41",59.9,99.9,487.07,526.05,19.29999924,3.6
2022-01-12 13:00,457.5,58.2,26.8,380.42,385.22,383.28,17.4,61.4,63.6,31.55,"214,525.20",60,99.9,472.11,507.54,19.09999847,3.4
2022-01-12 13:30,569,48.9,27.61,380.69,385.34,383.87,12,64.4,66.6,31.72,"214,541.50",59.9,99.9,447.3,479.19,20.59999847,5.3
2022-01-12 14:00,557,42.4,24.18,377.46,381.73,379.43,11.2,56.9,58.9,27.88,"214,556.50",60,99.9,407.53,434.7,16.70000076,3.2
2022-01-12 14:30,553,38.2,21.17,378.06,381.78,379.88,13.3,48,50.1,24.47,"214,569.70",60,99.9,363.43,387.06,13.29999924,3.7
2022-01-12 15:00,567,30,17.17,380.36,383.97,381.88,7.4,38.9,40,19.07,"214,580.50",60,99.9,306.73,326.42,11,4.1
2022-01-12 15:30,584,19.6,11.5,382.92,385.92,383.72,4.5,25.8,26.6,12.63,"214,588.41",60,99.9,241.76,257.51,7.5,4.2
2022-01-12 16:00,653.5,9.8,6.5,383.62,386.12,384.48,1.2,15.2,15.5,7.09,"214,593.09",59.9,99.9,176.01,187.03,4.100000381,2.8
2022-01-12 16:30,658,5.3,3.56,373.56,376.06,374.19,1.2,10.1,10.4,4.7,"214,596.00",59.9,99.9,105.53,110.64,1,1.7
2022-01-12 17:00,637,3.6,2.33,377.62,379.13,377.52,1.4,9.2,9.1,4.3,"214,598.09",60,99.9,50.4,53.55,-1.5,0.2
2022-01-12 17:30,301,2.6,0.79,377.08,378.62,376.58,1.5,9,8.6,4.16,"214,600.09",59.9,0,0,0,-2.600000381,-0.8
2022-01-13 7:30,334,3.1,1.08,383.52,385.52,383.92,1.5,8.9,8.4,4.17,"214,600.09",60,0,0,0,-5.800000191,-3.5
2022-01-13 8:00,669.5,6.5,4.44,388.52,390.72,388.62,1.1,10.4,10.4,4.93,"214,600.41",59.9,99.9,33.86,38.59,-4.800000191,-3.6
2022-01-13 8:30,671.5,19.2,12.95,386.52,389.98,387.58,3.2,27.7,28.3,13.28,"214,605.00",59.9,99.9,129.15,142.54,-0.899999619,-2.8
2022-01-13 9:00,666,28.5,19.14,385.41,388.98,386.68,8.1,41.7,42.9,20.74,"214,613.30",59.9,99.9,207.9,229.16,2.100000381,-2.1
2022-01-13 9:30,661.5,37.2,24.55,382.52,387.08,384.28,14.1,53.8,55.9,27.54,"214,625.30",60,99.9,302.01,315.79,4.600000381,-2.2
2022-01-13 10:00,643,42.6,27.9,382.32,387.08,383.74,16.6,62.8,65.6,32.23,"214,640.41",59.9,99.9,382.33,414.62,5.399999619,-2.7
2022-01-13 10:30,616.5,49,30.02,382.98,387.52,384.82,23.3,64.8,67.4,34.62,"214,657.00",60.1,99.9,436.67,474.86,13.59999847,-0.3
2022-01-13 11:00,635.5,52.5,32.81,382.42,387.04,384.23,25,71,74.4,37.89,"214,675.30",59.9,99.9,456.36,523.69,9.299999237,-0.7
2022-01-13 11:30,634,54.9,33.95,382.86,387.28,384.57,29.3,71.2,75.8,39.23,"214,694.50",59.9,99.9,504.79,545.34,8.799999237,-1.1
2022-01-13 12:00,633.5,51.7,32.45,383.27,388.06,385.38,24.2,70.3,73.3,37.41,"214,713.50",59.9,99.9,482.74,521.72,9.5,-1
2022-01-13 12:30,597,53.9,32.31,378.37,383.37,380.73,13.9,75.7,77.9,36.91,"214,731.91",60.1,99.9,486.28,522.51,6.799999237,-1.7
2022-01-13 13:00,627.5,48.7,31.19,379.85,384.65,382.45,24.2,67.7,70.2,35.84,"214,750.00",59.9,99.9,478.01,511.09,9.5,-0.7
2022-01-13 13:30,626,47,28.71,377.32,381.62,379.08,24.5,64.3,66.7,34.1,"214,767.30",60,99.9,448.48,479.59,8.299999237,-0.3
2022-01-13 14:00,590,43.5,25.43,380.32,384.52,381.82,16.9,56.9,59.4,29.44,"214,782.91",60,99.9,407.92,434.7,7.399999619,-0.2
2022-01-13 14:30,580.5,37.2,21.91,381.82,386.06,383.22,9.6,50.7,52.3,24.99,"214,796.70",60,99.9,358.71,381.94,6.799999237,0.4
2022-01-13 15:00,578.5,30.1,17.42,381.02,384.62,381.77,7.5,39.4,40.8,19.39,"214,808.00",60,99.9,300.04,318.94,4.899999619,-0.2
2022-01-13 15:30,606,18.8,11.5,380.18,383.37,380.38,4.7,25.8,26.6,12.58,"214,816.00",59.9,99.9,233.89,248.06,2.600000381,-0.3
2022-01-13 16:00,657,9.8,6.53,378.52,380.58,378.42,1.2,15.3,15.6,7.03,"214,820.41",60,99.9,168.52,178.76,0.5,-0.8
2022-01-13 16:30,658,5.8,3.86,377.67,378.87,377.27,1.1,10.3,10.5,4.78,"214,823.30",59.9,99.9,105.13,110.25,-1,-0.7
2022-01-13 17:00,638.5,3.7,2.42,375.28,376.62,375.08,1.4,9,8.9,4.19,"214,825.50",59.9,99.9,38.59,41.74,-3.100000381,-2
2022-01-13 17:30,445,2.6,1.19,376.58,377.52,375.66,1.4,8.9,8.5,4.09,"214,827.50",59.9,99.9,0,0,-4.100000381,-2.6
2022-01-14 7:30,404.5,3.1,1.31,388.06,390.18,388.45,1.3,8.8,8.5,4.18,"214,828.00",60,0,0,0,-7.800000191,-6.1
2022-01-14 8:00,680.5,9.7,6.72,385.08,388.08,385.68,0.9,14.2,14.4,6.59,"214,828.00",59.9,99.9,63.39,70.48,-6.100000381,-5.8
2022-01-14 8:30,675.5,21.1,14.33,384.98,389.18,386.68,3.8,31,31.6,14.86,"214,833.41",60,99.9,144.9,159.47,-3,-4.9
2022-01-14 9:00,661.5,30.8,20.38,382.64,386.64,384.42,8.8,44.7,45.9,22.11,"214,842.70",60,99.9,221.29,244.52,0.299999237,-4
2022-01-14 9:30,651,38.3,24.73,380.22,384.84,382.48,14.5,54.6,56.7,27.83,"214,855.30",59.9,99.9,308.31,323.27,3.899999619,-3
2022-01-14 10:00,631.5,44.6,27.85,380.38,384.92,382.42,18.8,61.4,63.9,31.88,"214,870.30",60,99.9,391.78,425.64,9.100000381,-1.4
2022-01-14 10:30,612,47.6,30.08,381.2,385.98,383.16,12.4,69.8,71.5,34.1,"214,887.00",60,99.9,443.76,483.52,10.70000076,-0.2
2022-01-14 11:00,627.5,50.2,31.1,382.18,386.98,384.02,25.4,66.3,69.3,35.78,"214,904.59",60,99.9,472.89,531.17,15.70000076,1.2
2022-01-14 11:30,626.5,50.2,31.37,382.27,387.02,384.05,25.1,67.1,69.2,35.88,"214,922.41",60,99.9,512.27,549.67,22.70000076,3.7
2022-01-14 12:00,636,44.9,29.15,384.88,389.86,387.48,21.9,61.4,64.1,33.03,"214,939.41",60.1,99.9,488.64,529.99,23.40000153,4.3
2022-01-14 12:30,562,56.6,31.57,382.36,387.94,385.54,23,69.3,72,36.62,"214,956.70",60,99.9,494.16,533.53,23.59999847,6.3
2022-01-14 13:00,616,46.9,29.75,381.98,387.78,385.18,21,65.1,67.3,34.17,"214,974.09",60,99.9,479.59,515.81,13.20000076,5.4
2022-01-14 13:30,602,45.3,28.09,381.58,386.78,384.22,20.8,65.5,66.9,34.05,"214,990.50",60,99.9,454.78,488.64,15.79999924,5.6
2022-01-14 14:00,566,43.7,25.15,380.65,385.71,382.78,11.4,58.4,60.3,28.84,"215,006.00",60,99.9,419.34,447.69,11.39999962,4.9
2022-01-14 14:30,555.5,39,21.66,380.56,385.08,382.48,14.6,47.8,49.9,24.85,"215,019.59",60,99.9,370.91,394.93,12.40000153,5.3
2022-01-14 15:00,559,31.4,17.54,380.28,384.38,381.58,8.6,39.9,41.3,19.84,"215,030.70",59.9,99.9,313.42,332.72,11.29999924,5.8
2022-01-14 15:30,595,19.3,11.56,380.02,383.28,380.62,3.8,26.4,27,12.61,"215,039.00",59.9,99.9,246.09,262.24,8.600000381,6.8
2022-01-14 16:00,647,9.6,6.28,378.18,380.68,378.18,1.5,14.8,15.2,6.9,"215,043.50",60,99.9,175.22,186.24,5.700000763,5.4
2022-01-14 16:30,643,5.5,3.58,377.48,379.08,377.08,1.3,10.2,10.3,4.76,"215,046.30",59.9,99.9,108.68,114.19,2.799999237,4.3
2022-01-14 17:00,631,3.5,2.23,378.68,380.88,378.88,1.5,9.1,8.9,4.27,"215,049.00",60,99.9,51.19,54.73,0.399999619,2.6
2022-01-14 17:30,473,2.3,1.15,378.92,381.12,379.12,1.4,8.9,8.4,4.1,"215,050.41",59.9,0,0,0,-1.299999237,1.5
2022-01-15 7:30,218.5,3,0.66,386.96,389.66,387.23,1.3,8.8,8.5,4.17,"215,050.41",59.9,0,0,0,-0.899999619,1
2022-01-15 8:00,629.5,4.5,2.92,387.67,389.78,387.74,1.2,9.1,8.9,4.31,"215,050.41",59.9,99.9,17.72,20.48,-0.700000763,1.3
2022-01-15 8:30,652,9.7,6.45,387.85,390.38,387.78,0.9,14.2,14.4,6.62,"215,054.00",59.9,99.9,64.57,70.48,3.899999619,2.1
2022-01-15 9:00,652.5,20.8,13.57,389.82,393.22,390.88,4.3,29.3,29.9,14.37,"215,058.20",60,99.9,155.93,168.92,4,1.9
2022-01-15 11:00,589.5,42.3,24.98,389.42,394.42,392.32,13.9,55,57.5,28.67,"215,063.59",60,99.9,356.34,384.69,15.79999924,6
2022-01-15 11:30,616.5,31,19.21,391.58,395.68,393.32,9.4,41.9,43.5,21.57,"215,075.00",60,99.9,270.9,289.41,14.59999847,7
2022-01-15 12:00,622,31.4,19.79,390.87,395.57,393.17,7.2,44.6,45.7,22.18,"215,087.00",60,99.9,292.95,310.27,16.5,8.2
2022-01-15 12:30,641,13,8.37,389.35,392.8,390.42,2,18.5,19,8.93,"215,095.00",60,99.9,107.49,114.97,9.700000763,6.7
2022-01-15 13:00,633.5,17.8,11.34,388.78,392.23,390.22,4.1,25.2,26,12.48,"215,100.09",59.9,99.9,159.86,169.31,9.200000763,6.5
2022-01-15 13:30,624.5,21.4,13.42,387.48,391.58,389.28,5.3,29.8,30.8,14.84,"215,106.00",59.9,99.9,192.94,204.36,11.20000076,7.1
2022-01-15 14:00,636,16.6,10.65,387.12,390.52,388.44,3.7,23.6,24.4,11.62,"215,113.00",60,99.9,147.26,155.93,11.29999924,7.6
2022-01-15 14:30,614.5,30.6,18.82,388.82,393.22,391.02,9.6,41.6,43.2,21.35,"215,119.50",59.9,99.9,311.06,331.14,11.29999924,7.8
2022-01-15 15:00,614.5,9.4,5.86,389.77,392.38,390.35,1.1,13.9,14.2,6.6,"215,128.00",59.9,99.9,74.81,81.11,12.70000076,8.5
2022-01-15 15:30,635,11.7,7.45,388.38,391.58,389.28,1.8,17,17.4,8.16,"215,132.00",60,99.9,103.95,111.82,7.399999619,6.6
2022-01-15 16:00,639,9.7,6.26,389.92,392.77,390.18,1.3,14.7,15,7,"215,135.20",59.9,99.9,173.25,184.27,8.200000763,8.1
2022-01-15 16:30,643,5.7,3.73,381.88,384.02,382.62,1.2,10.5,10.6,4.93,"215,138.20",59.9,99.9,107.89,113.79,6.5,7.8
2022-01-15 17:00,635,3.5,2.3,381.74,383.6,381.66,1.2,9.1,9,4.26,"215,140.50",59.9,99.9,29.14,32.68,4.100000381,6.8
2022-01-15 17:30,497,2.2,1.15,385.62,387.22,385.33,1.6,8.8,8.4,4.19,"215,143.00",59.9,99.9,0,0,2.700000763,5.5
2022-01-16 7:30,420,2.7,1.16,386.37,388.85,386.87,1.6,8.8,8.4,4.21,"215,143.00",59.9,0,0,0,2.200000763,4
2022-01-16 8:00,612.5,3.4,2.1,388.32,390.52,388.62,1.3,8.8,8.5,4.18,"215,143.00",59.9,99.9,9.45,11.81,1.700000763,3.9
2022-01-16 8:30,647,8.1,5.32,385.42,388.02,386.42,1.2,12.3,12.4,5.79,"215,144.09",59.9,99.9,54.73,60.24,3.600000381,4.3
2022-01-16 9:00,654,19.2,12.65,386.43,390.14,388.24,3.8,27.6,28.2,13.38,"215,149.00",60,99.9,153.96,166.56,8.5,5.7
2022-01-16 9:30,636,26.2,16.74,387.32,391.58,389.42,8,36.7,37.9,18.61,"215,156.00",60,99.9,228.77,241.37,12.5,6.9
2022-01-16 10:00,622,36,22.44,387.28,392.36,389.78,9.1,50.7,52.2,25.27,"215,167.30",60,99.9,314.21,339.02,13.09999847,6.4
2022-01-16 10:30,602.5,40.6,24.77,387.02,391.92,389.72,15.2,54.9,57.9,28.85,"215,180.91",60,99.9,355.56,386.27,15.29999924,6.5
2022-01-16 11:00,625,46,28.34,388.33,393.78,391.62,11.3,64.6,66.5,32.25,"215,196.59",59.9,99.9,433.91,470.14,17.29999924,6.8
2022-01-16 11:30,427,58.5,25.18,390.12,395.18,393.27,10,59.3,61.1,29.65,"215,213.41",60,99.9,463.44,494.94,19.29999924,7.4
2022-01-16 12:00,609,46.5,28.21,389.37,394.02,391.77,19.2,61.5,63.8,32.74,"215,230.09",59.9,99.9,439.42,474.47,19.90000153,7.5
2022-01-16 12:30,578,49.9,28.65,386.61,392.44,390.04,11,66.2,68,32.77,"215,246.50",59.9,99.9,455.57,490.22,22.5,8.7
2022-01-16 13:00,602,47.5,28.52,383.58,388.82,386.82,22.2,61.4,64.1,33.01,"215,263.00",60,99.9,457.54,492.19,22.90000153,9.9
2022-01-16 13:30,587,46.2,27.48,387.08,392.27,390.28,18.4,60.8,63.3,32.14,"215,279.09",60,99.9,443.36,475.26,21.79999924,9.9
2022-01-16 14:00,574,42.6,24.78,385.94,391.35,389.35,14.9,55.5,58.2,28.94,"215,294.41",60,99.9,414.62,442.97,20.20000076,9.8
2022-01-16 14:30,565,36.8,20.87,386.13,390.77,389.31,11.9,46.5,48.3,24,"215,308.09",59.9,99.9,359.49,383.12,18.09999847,9.8
2022-01-16 15:00,556,30,16.8,386.88,390.53,389.23,8.5,37.2,38.7,18.98,"215,318.41",59.9,99.9,305.16,324.45,16.79999924,9.9
2022-01-16 15:30,591,19.6,11.58,387.33,389.76,388.44,4.3,25.7,26.6,12.71,"215,326.41",60,99.9,232.71,246.88,13,9.6
2022-01-16 16:00,645,10.4,6.76,386.88,389.78,388.08,1.4,15.5,15.9,7.36,"215,331.09",59.9,99.9,170.49,181.13,8.299999237,7.2
2022-01-16 16:30,644,6.3,4.1,381.18,383.44,382.14,1.2,10.8,11,5.08,"215,334.20",60,99.9,108.68,114.97,5.899999619,6.8
2022-01-16 17:00,634,3.9,2.51,384.92,386.53,385.43,1.2,9.1,9,4.3,"215,337.00",59.9,99.9,50.4,54.34,2.799999237,5.4
2022-01-16 17:30,576,2.3,1.38,384.62,386.82,384.54,1.6,8.8,8.5,4.21,"215,339.00",59.9,99.9,0,0,1.399999619,3.3
2022-01-17 8:00,675.5,5.9,4.07,387.86,390.15,388.12,1.2,10,10.1,4.78,"215,339.00",59.9,99.9,34.26,38.98,-4.899999619,-3.2
2022-01-17 8:30,540.5,28.2,15.21,386.29,390.15,387.75,6.8,32.8,33.9,16.49,"215,345.00",59.9,99.9,156.32,172.86,0.200000763,-2.3
2022-01-17 9:00,535.5,37.6,20.25,383.72,387.52,384.63,11.7,44.4,46.3,22.81,"215,354.80",60,99.9,231.13,255.94,3.700000763,-1.9
2022-01-17 9:30,640,39.7,24.96,383.02,387.67,384.27,12,56.6,58.8,28.37,"215,367.59",60,99.9,318.15,335.48,7.700000763,-0.3
2022-01-17 10:00,632,45.6,28.36,381.88,386.12,383.02,19.7,62.1,64.7,32.49,"215,382.80",60,99.9,402.41,439.42,12.70000076,0.9
2022-01-17 10:30,629.5,47.4,30.73,381.05,385.52,382.18,23.3,67.6,69.8,35.57,"215,400.00",60,99.9,453.6,494.94,13.59999847,2
2022-01-17 11:00,628,49.3,32.08,381.98,386.48,383.38,24.8,70,72.9,37.22,"215,417.59",59.9,99.9,491.01,532.74,15.29999924,2.2
2022-01-17 11:30,633.5,54.9,33.94,381.28,386.22,382.68,28.4,72.5,76.1,39.23,"215,436.80",59.9,99.9,504.39,547.31,12.5,2.2
2022-01-17 12:00,647,48.3,32.04,387.52,392.16,388.93,26.4,69.2,71.6,37.65,"215,455.80",59.9,99.9,489.83,530.78,14,2.1
2022-01-17 12:30,625.5,51.8,31.23,385.72,391.78,387.86,12.6,66.3,69,33.25,"215,473.91",59.9,99.9,494.55,533.92,12.20000076,1.3
2022-01-17 13:00,623,48.4,30.46,385.62,390.9,387.67,21.5,66.4,69.4,35.3,"215,491.59",59.9,99.9,484.71,521.72,12.90000153,1.9
2022-01-17 13:30,636,44.2,28.05,384.88,389.58,387.12,21,60.6,62.4,32.24,"215,508.70",59.9,99.9,463.05,496.52,14.5,2.3
2022-01-17 14:00,589,45.8,26.69,382.28,386.68,383.58,19.9,58.6,61.3,31.05,"215,524.50",60,99.9,435.09,464.23,11.5,2.2
2022-01-17 14:30,615,38.7,23.83,381.28,386.17,382.86,14.6,53.8,56.2,27.63,"215,537.20",59.9,99.9,405.17,429.98,10.60000038,3.1
2022-01-17 15:00,626,9.4,5.93,380.38,382.42,380.02,1.2,14.3,14.6,6.62,"215,546.50",60,99.9,69.3,75.99,5.700000763,2.6
2022-01-17 15:30,627,9.6,6.19,378.22,380.77,378.18,1.2,14.7,15,6.77,"215,553.00",59.9,99.9,74.42,80.72,5.399999619,2
2022-01-17 16:00,640,11.4,7.31,379.32,382.32,380.08,1.4,17,17.4,7.88,"215,558.00",60,99.9,155.53,164.59,3.600000381,1.9
2022-01-17 16:30,645,6.4,4.19,379.68,381.82,380.22,0.9,11,11.2,5.08,"215,561.30",59.9,99.9,57.88,62.61,1,0.9
2022-01-17 17:00,631,3.5,2.25,380.53,382.57,380.78,1.2,9.2,9,4.27,"215,564.00",60,99.9,14.96,17.33,-0.799999237,0
2022-01-17 17:30,308,2.5,0.81,379.12,381.02,378.97,1.5,9,8.6,4.19,"215,565.30",59.9,0,0,0,-1.399999619,-0.2
2022-01-18 8:00,685,9.5,6.53,386.42,389.02,386.68,1,14,14.1,6.51,"215,566.00",59.9,99.9,61.03,67.72,-6.300000191,-5.6
2022-01-18 8:30,673.5,20.6,13.91,383.88,387.58,384.98,3.6,30.2,30.8,14.4,"215,571.00",59.9,99.9,141.75,156.71,-2.5,-4.9
2022-01-18 9:00,655,29.9,19.84,382.28,385.98,382.98,7.6,44.1,45.1,21.48,"215,580.00",60,99.9,220.11,242.16,2.100000381,-4
2022-01-18 9:30,634,37.9,23.92,381.34,385.73,382.32,14.8,52.9,54.5,27.07,"215,592.30",60,99.9,301.61,322.88,9.600000381,-2.1
2022-01-18 10:00,630,43.5,27.13,382.54,386.59,383.76,18.9,59.3,61.8,31.1,"215,607.00",60.1,99.9,390.6,424.86,13.90000153,-1.1
2022-01-18 10:30,634.5,45.2,29.29,384.32,388.67,385.38,21.1,63.1,66.4,33.61,"215,623.20",59.9,99.9,448.88,486.67,17.90000153,1.2
2022-01-18 11:00,627,50.3,30.96,381.43,386.27,383.02,13.6,70.7,72.5,34.79,"215,640.41",59.9,99.9,491.4,531.17,17.29999924,0
2022-01-18 11:30,628,49.6,31.67,382.87,388.01,384.63,12.4,73.7,75.6,36.04,"215,658.50",60,99.9,498.49,545.34,16.20000076,2.2
2022-01-18 12:00,641.5,45.4,30.11,385.83,390.14,387.63,26.9,62.8,67.6,35.27,"215,676.20",59.9,99.9,487.07,528.41,14.5,2.6
2022-01-18 12:30,632,46.2,29.01,384.18,389.23,386.66,21.8,62.8,65.8,33.64,"215,693.00",59.9,99.9,491.79,529.99,16.90000153,3.3
2022-01-18 13:00,634,46.1,29.51,384.46,389.53,387.28,24.3,62.5,65.2,34.03,"215,709.80",59.9,99.9,479.19,515.81,16,2.9
2022-01-18 13:30,629.5,44.3,27.61,383.84,388.41,386.06,11.2,62.1,63.7,30.61,"215,726.30",60,99.9,455.57,487.07,14.70000076,3.1
2022-01-18 14:00,582.5,43.9,25.8,382.16,386.42,383.82,17.9,56.3,58.7,29.52,"215,741.80",60,99.9,418.56,446.51,12.09999847,2.2
2022-01-18 14:30,577.5,38,22.35,381.42,386.23,382.92,10.6,51.5,53.3,25.6,"215,755.70",60,99.9,372.49,395.72,8.200000763,1.9
2022-01-18 15:00,573,31.2,17.97,380.83,384.81,381.72,9.5,40.9,42.1,20.45,"215,767.20",60,99.9,314.21,333.9,8.299999237,2.5
2022-01-18 15:30,613,20.2,12.44,380.26,383.86,380.92,4.9,28.5,29.1,13.79,"215,776.00",59.9,99.9,248.85,263.42,6.299999237,2.9
2022-01-18 16:00,652,10.2,6.79,380.38,383.18,380.88,1.2,15.7,16,7.25,"215,781.00",59.9,99.9,179.55,189.79,3.799999237,2.6
2022-01-18 16:30,648,6.1,3.96,375.82,378.53,376.03,1.1,10.7,10.9,4.94,"215,784.00",59.9,99.9,111.82,117.34,0.799999237,1.4
2022-01-18 17:00,645,3.8,2.51,377.78,379.92,377.42,1.3,9.1,9.1,4.26,"215,786.00",59.9,99.9,53.16,56.7,-1.5,0.1
2022-01-18 17:30,614.5,2.5,1.56,377.98,379.92,377.72,1.3,9,8.7,4.15,"215,788.09",59.9,99.9,0,0,-3.899999619,-0.8
2022-01-19 8:00,641,4.1,2.68,386.38,388.36,386.38,1.6,8.9,8.7,4.29,"215,789.00",59.9,99.9,15.75,18.51,-2.600000381,-1.8
2022-01-19 8:30,647,6.5,4.29,382.68,385.38,382.88,1.3,10.5,10.5,4.94,"215,790.20",59.9,99.9,38.19,42.53,-1.399999619,-1.7
2022-01-19 9:00,664,9.3,6.21,380.93,382.84,380.84,1,14,14.2,6.44,"215,793.00",60,99.9,60.24,66.54,-2,-1.8
2022-01-19 9:30,648.5,31.8,20.7,382.32,386.98,384.22,9.9,45.8,47.3,22.91,"215,802.30",59.9,99.9,253.97,275.23,5.600000381,-0.3
2022-01-19 10:00,633.5,38.8,24.33,384.28,389.08,386.42,15.9,53.1,55.4,27.81,"215,815.30",60,99.9,340.99,367.76,9.799999237,1.2
2022-01-19 10:30,613,43.9,26.89,384.42,388.62,385.75,18.5,59.5,61.5,31.15,"215,829.91",59.9,99.9,393.75,426.43,16.20000076,2.5
2022-01-19 11:00,613,44,27.47,384.51,389.24,386.31,18.7,61.9,64.7,32.49,"215,845.59",60,99.9,420.52,452.81,18.59999847,4
2022-01-19 11:30,617,48.1,29.09,382.04,386.73,383.93,22.7,62.5,64.4,33.24,"215,861.91",60,99.9,447.3,492.98,21.5,5.8
2022-01-19 12:00,618,45.1,28.98,383.04,389.02,386.03,21.4,62.4,65.1,33.26,"215,878.30",60.1,99.9,460.69,496.91,20.90000153,7.2
2022-01-19 12:30,604,47,28.17,383.52,389.14,386.34,21.3,60.5,63.3,32.43,"215,894.70",59.9,99.9,443.36,475.65,21.40000153,7.7
2022-01-19 13:00,633,22.7,14.44,379.46,383.58,381.32,5.9,32.5,33.6,15.89,"215,907.00",59.9,99.9,204.75,216.17,11.20000076,5.6
2022-01-19 13:30,637,17.4,11.06,378.62,382.42,379.72,3.7,25.1,25.8,12.01,"215,914.00",60,99.9,152.77,161.83,8.5,4.5
2022-01-19 14:00,627,17.6,11.09,377.66,381.04,378.66,3.7,25.3,26,12.06,"215,919.59",59.9,99.9,154.35,164.19,8,3.9
2022-01-19 14:30,639,14.5,9.34,378.35,381.65,379.02,2.5,21.3,21.8,10.01,"215,925.20",60,99.9,125.21,133.88,5.700000763,3.3
2022-01-19 15:00,644,10.2,6.63,378.79,381.34,379.18,1.2,15.6,16,7.2,"215,930.00",60,99.9,86.23,92.14,4.600000381,3.3
2022-01-19 15:30,636,11.4,7.3,379.78,382.78,380.18,1.5,17,17.3,7.88,"215,933.41",59.9,99.9,113.01,119.7,4.5,3.2
2022-01-19 16:00,636.5,8.6,5.52,377.02,380.28,378.07,1,13.4,13.7,6.15,"215,937.00",59.9,99.9,75.99,81.11,3.5,2.7
2022-01-19 16:30,638.5,8.1,5.27,377.08,379.86,377.68,1,12.9,13.2,5.92,"215,940.00",60,99.9,73.24,78.36,2.399999619,2.1
2022-01-19 17:00,621.5,4.5,2.8,376.18,378.38,376.58,1,9.4,9.4,4.31,"215,942.30",60,99.9,23.63,26.77,0.899999619,1.6
2022-01-19 17:30,600.5,2.6,1.62,376.62,378.72,376.72,1.4,9,8.7,4.16,"215,944.41",59.9,99.9,0,0,-0.399999619,1
2022-01-20 7:30,426,2.9,1.25,385.78,387.86,385.48,1.5,8.9,8.4,4.2,"215,945.00",60,0,0,0,-3.5,-3.6
2022-01-20 8:00,502.5,3,1.51,385.98,388.24,385.96,1.4,8.9,8.5,4.2,"215,945.00",60,0,0,9.84,-3.700000763,-3.8
2022-01-20 8:30,577.5,4.6,2.73,385.12,387.48,385.02,1.2,9.1,8.9,4.28,"215,945.00",59.9,99.9,28.74,28.74,-3.399999619,-3.3
2022-01-20 9:00,640,6.1,3.96,385.56,387.08,384.97,1,10.1,10.1,4.72,"215,946.20",60,99.9,42.92,40.95,-2.700000763,-2.2
2022-01-20 9:30,692,7.3,5.07,383.73,385.63,383.92,1.1,11.5,11.5,5.35,"215,949.00",60,99.9,53.55,49.22,-1.600000381,-1.3
2022-01-20 10:00,675,12.5,8.46,382.92,385.63,383.62,1.4,18.4,18.7,8.55,"215,952.20",60,99.9,94.89,85.05,-0.5,0.1
2022-01-20 10:30,675,13.7,9.33,383.18,385.98,383.48,1.6,20.5,20.9,9.55,"215,957.00",60,99.9,107.89,94.11,0.100000381,0.5
2022-01-20 11:00,675,16.3,11.11,384.28,387.08,384.52,2.8,24.3,24.7,11.53,"215,962.00",60,99.9,537.08,295.31,0.5,1.4
2022-01-20 11:30,638,16.4,10.62,379.84,383.32,380.92,3.2,23.6,24.2,11.25,"215,966.41",60,99.9,479.19,498.49,0.600000381,1.9
2022-01-20 12:00,597,17,10.07,381.98,385.62,383.12,3.2,22.3,22.9,10.73,"215,972.00",60,99.9,358.31,362.64,0.700000763,2.4
2022-01-20 12:30,468.5,46.1,21.63,381.28,386.61,384.15,9,50.4,51.9,24.74,"215,981.30",60,99.9,524.87,535.11,0.5,2.1
2022-01-20 13:00,507,45.3,22.83,379.66,385.64,383.14,13.8,51.9,53.5,26.41,"215,993.30",59.9,99.9,520.54,537.86,0.899999619,3.2
2022-01-20 13:30,538.5,41.7,22.26,379.73,385.42,382.73,13.3,49.9,52.2,25.55,"216,002.30",60,99.9,507.94,525.66,0.700000763,2.6
2022-01-20 14:00,546.5,37,20.35,378.08,383.32,380.13,11.9,45.8,47.8,23.22,"216,014.80",59.9,99.9,451.63,466.2,0.799999237,3.3
2022-01-20 14:30,584,11.4,6.66,376.12,380.02,377.32,2.1,15.7,16.1,7.41,"216,024.09",59.9,99.9,120.49,126.79,0.600000381,2.6
2022-01-20 15:00,543,29,15.94,378.58,383.14,380.24,8,36,37.6,17.97,"216,033.09",60,99.9,363.43,375.64,0.799999237,3.8
2022-01-20 15:30,503,17.4,8.86,375.54,378.84,376.22,3,20.8,21.3,9.83,"216,038.30",60,99.9,217.35,227.98,0.5,2.3
2022-01-20 16:00,569,6.8,3.9,375.52,378.12,376.02,1.1,10.8,11,4.98,"216,042.00",59.9,99.9,63,67.72,0.299999237,1.1
2022-01-20 16:30,553,5,2.84,376.02,378.48,376.18,1.1,9.6,9.6,4.42,"216,044.00",59.9,99.9,115.37,122.46,0.399999619,1.3
2022-01-20 17:00,557,3.6,2.05,376.82,378.67,376.76,1.3,9,8.8,4.16,"216,046.00",59.9,99.9,44.1,48.43,0.299999237,0.6
2022-01-20 17:30,552.5,2.5,1.37,375.82,377.52,375.32,1.3,8.9,8.7,4.11,"216,048.09",59.9,99.9,0,10.24,0.100000381,-0.4
2022-01-21 7:30,368.5,3.1,1.16,384.38,386.72,385.18,1.3,8.8,8.4,4.12,"216,048.20",59.9,0,0,0,-3.899999619,-3
2022-01-21 8:00,606.5,7.4,4.6,385.02,387.42,385.43,0.9,11.1,11.1,5.15,"216,049.00",60,99.9,53.16,58.28,-3.899999619,-3.4
2022-01-21 8:30,530.5,21.2,11.34,385.77,389.17,387.17,3.7,24.7,25.3,12.03,"216,053.00",59.9,99.9,139.78,150.41,-2.700000763,-2.1
2022-01-21 9:00,526,30.4,16.15,385.32,388.77,386.72,7.6,35.4,36.5,17.78,"216,060.41",59.9,99.9,222.07,238.61,-1.399999619,-1.5
2022-01-21 9:30,525.5,37.2,19.55,376.92,381.02,378.52,10.5,44.4,46.2,22.15,"216,070.41",60,99.9,297.28,317.36,0.100000381,-0.2
2022-01-21 10:00,524.5,42.8,22.81,379.98,384.58,381.78,13.8,51.3,53.4,26.19,"216,082.41",59.9,99.9,400.05,417.77,0.799999237,0.9
2022-01-21 10:30,541,47.2,25.83,378.16,383.18,379.36,13.9,60.4,63,30.19,"216,096.50",60.1,99.9,455.57,479.59,1.200000763,2.6
2022-01-21 11:00,538,51.7,27.97,379.66,384.32,381.06,20.1,62.6,65.2,32.64,"216,112.09",60,99.9,500.85,521.72,1.799999237,4.8
2022-01-21 11:30,606,45.9,28.56,382.3,386.94,383.48,21.2,62.3,64.6,32.9,"216,128.41",59.9,99.9,522.9,548.89,2.299999237,5.9
2022-01-21 12:00,471,59.6,28.01,384.22,389.12,386.72,19.3,63.1,65.7,33.12,"216,145.09",60,99.9,502.82,522.11,8.899999619,6.6
2022-01-21 12:30,600,49.7,30.09,382.82,388.08,385.62,21.5,66.1,69.1,34.95,"216,162.20",60,99.9,508.73,529.2,17.09999847,5.6
2022-01-21 13:00,584,53.1,30.85,382.86,388.17,386.14,23.6,67.3,70,35.9,"216,179.30",59.8,99.9,496.52,515.81,16.29999924,5.6
2022-01-21 13:30,597,46.6,28.75,381.32,387.08,384.28,13.8,66.7,69.1,33.27,"216,196.30",59.9,99.9,470.53,490.22,16.20000076,6.1
2022-01-21 14:00,584,44.2,26.27,380.84,385.94,383.64,19.1,57.4,59.6,30.19,"216,212.20",60,99.9,435.09,453.21,17.40000153,6.2
2022-01-21 14:30,590,12.7,7.56,379.38,381.98,380.18,1.9,17.5,17.9,8.2,"216,226.00",60,99.9,100.41,107.49,11.89999962,5.9
2022-01-21 15:00,632,12.7,8.18,379.26,381.83,379.13,2.1,18.9,19.3,8.85,"216,234.00",60,99.9,112.61,118.91,9,5.6
2022-01-21 15:30,612,26,15.98,378.75,383.03,380.25,8.1,36.1,37.3,17.94,"216,240.00",59.9,99.9,307.13,319.33,11.10000038,6.1
2022-01-21 16:00,629,9.8,6.24,376.58,379.12,377.12,1.6,14.9,15.3,6.94,"216,245.00",59.9,99.9,78.75,83.87,5.799999237,4.5
2022-01-21 16:30,627,7.3,4.61,377.08,379.48,377.47,1.2,12,12.2,5.55,"216,248.09",60,99.9,53.94,58.28,4.299999237,3.8
2022-01-21 17:00,618,3.8,2.42,377.92,379.62,377.82,1.3,9.2,9.2,4.31,"216,250.59",60,99.9,20.48,24.41,3.100000381,3.1
2022-01-22 7:30,490,3.2,1.65,386.47,387.81,386.28,1.7,8.8,8.4,4.22,"216,252.41",60,99.9,0,9.84,-1.700000763,0
2022-01-22 8:00,650,5.3,3.52,389.58,391.68,389.54,1.1,9.5,9.5,4.53,"216,254.00",59.9,99.9,25.2,28.74,-0.799999237,0.3
2022-01-22 8:30,671.5,18.8,12.75,388.38,391.32,388.77,3,27.6,28,13.19,"216,257.30",60,99.9,137.02,146.87,2.200000763,0.9
2022-01-22 9:00,641.5,29.1,18.8,390.22,393.72,391.62,6.5,40.6,42,20.19,"216,265.30",60,99.9,220.5,234.68,7.799999237,2.5
2022-01-22 9:30,646.5,20.1,12.96,391.17,394.13,391.72,3.9,28.3,29.1,13.9,"216,274.41",60,99.9,156.71,165.38,9,3.6
2022-01-22 10:00,632.5,43.9,27.98,391.6,396.14,394.09,18.9,59.2,61.8,31.87,"216,287.20",59.9,99.9,419.34,430.76,18.79999924,6.6
2022-01-22 10:30,645.5,44.9,29.01,391.24,395.98,393.37,18.8,62.5,64.4,33.16,"216,298.41",59.9,99.9,433.52,453.21,17.90000153,7
2022-01-22 11:00,591.5,30.8,18.05,390.73,394.17,391.98,9.4,39.5,41.1,20.41,"216,313.50",59.9,99.9,251.61,263.42,20.90000153,8.7
2022-01-22 11:30,612,36.1,22.01,391.58,396.05,393.95,8.6,50.2,51.6,25.16,"216,329.00",60.1,99.9,317.36,327.6,22.20000076,9.4
2022-01-22 12:00,487.5,40.4,19.87,387.61,391.63,389.68,7.7,45.8,47.3,22.72,"216,345.80",60,99.9,322.09,335.48,24.09999847,9.9
2022-01-22 12:30,609.5,47.7,30.13,387.32,392.22,390.48,23.1,63.9,66.5,34.63,"216,362.20",60.1,99.9,498.09,520.54,20.59999847,9.2
2022-01-22 13:00,623,46.5,29.44,385.36,390.52,388.28,20.5,63.3,65.9,33.61,"216,379.30",59.9,99.9,478.8,500.06,19.70000076,9.2
2022-01-22 13:30,590,47.4,28.29,383.48,388.52,386.82,17.7,63.7,66.4,33.03,"216,395.80",59.9,99.9,460.69,479.98,18.79999924,9.2
2022-01-22 14:00,565,45.9,26.06,387.22,392.28,390.42,16.9,57.5,60.5,30.44,"216,411.20",59.8,99.9,434.7,451.24,17.70000076,9.7
2022-01-22 14:30,568.5,40.8,23.32,387.84,392.62,390.87,14,51.8,54.3,27.13,"216,424.50",60,99.9,396.9,410.68,16.09999847,9.5
2022-01-22 15:00,577,28.7,16.6,387.31,391.52,389.85,8.4,36.5,38.1,18.7,"216,436.41",59.9,99.9,294.13,304.76,14.59999847,10.3
2022-01-22 15:30,612,9.8,6.1,386.56,388.76,387.26,1.4,14.4,14.7,6.83,"216,443.50",59.9,99.9,75.21,80.32,9.799999237,8.6
2022-01-22 16:00,634,7.5,4.82,386.32,388.02,386.38,1.2,12.2,12.4,5.77,"216,447.00",59.9,99.9,58.67,62.61,7.600000381,7.9
2022-01-22 16:30,625,7.1,4.52,382.55,383.84,382.94,1.2,11.7,12,5.51,"216,450.00",59.9,99.9,111.43,115.37,8.799999237,8.9
2022-01-22 17:00,613,4.2,2.62,385.92,387.72,386.52,1.4,9.2,9.2,4.42,"216,452.09",59.9,99.9,24.41,27.96,6,7.9
2022-01-22 17:30,599,2.3,1.43,385.44,386.54,385.14,1.5,8.9,8.6,4.23,"216,454.30",60,99.9,0,11.42,3.399999619,5.4
2022-01-23 8:00,627.5,4.5,2.9,389.18,391.08,389.28,1.5,9.2,9,4.44,"216,455.00",60,99.9,22.84,25.2,1.799999237,2.9
2022-01-23 8:30,658.5,14.1,9.31,385.98,388.77,386.9,1.8,20.1,20.4,9.47,"216,457.59",60,99.9,100.01,103.95,5.100000381,4
2022-01-23 9:00,652.5,25.2,16.5,387.72,391.42,389.62,6.5,36.1,37.2,17.98,"216,463.70",60,99.9,200.42,205.93,7.299999237,4
2022-01-23 9:30,632,14.2,9.09,387.62,389.92,388.02,2.3,19.9,20.4,9.56,"216,472.09",59.9,99.9,114.97,116.94,9.100000381,5.2
2022-01-23 10:00,632,20.2,12.79,387.12,390.12,388.12,5,28.1,29,13.94,"216,478.30",59.9,99.9,171.28,172.86,10.70000076,5.7
2022-01-23 10:30,636,23.3,14.82,388.04,391.19,389.15,6.9,32.3,33.7,16.41,"216,523.00",59.9,99.9,195.3,199.24,11.70000076,7
2022-01-23 11:00,608.5,34.1,20.83,389.26,392.58,390.66,11.3,46.1,48.1,23.84,"216,523.00",59.9,99.9,300.04,303.98,22,9.8
2022-01-23 11:30,630,24.8,15.64,389.15,392.65,391.04,7.2,34.2,35.3,17.34,"216,523.00",60,99.9,218.93,222.07,13.90000153,8.6
2022-01-23 12:00,625.5,33.6,21,389.12,392.72,390.82,11.6,46.2,48.1,23.93,"216,523.00",60,99.9,313.42,318.94,20.20000076,9.6
2022-01-23 12:30,595.5,38.4,22.75,385.62,390.48,388.18,8.7,53.2,54.6,26.17,"216,531.80",60,99.9,338.63,341.77,16.09999847,8.7
2022-01-23 13:00,618.5,31.8,19.78,385.28,389.21,387.51,10.9,43.8,45.7,22.49,"216,545.30",60,99.9,292.95,294.52,16.90000153,8.5
2022-01-23 13:30,643,15.2,9.79,383.32,385.84,384.22,2.5,22.1,22.6,10.49,"216,553.50",59.9,99.9,137.42,138.21,9.700000763,6.9
2022-01-23 14:00,637,17.8,11.47,383.42,386.47,384.67,4.3,25.4,26.4,12.48,"216,560.09",59.9,99.9,159.47,159.86,10.60000038,6.5
2022-01-23 14:30,637,9.1,5.89,383.38,385.32,383.72,1,13.9,14.2,6.46,"216,565.00",59.9,99.9,71.27,72.84,7.399999619,5.7
2022-01-23 15:00,636,10.1,6.47,381.92,384.52,382.62,1.1,15,15.3,6.95,"216,568.00",60,99.9,81.11,82.69,6.5,5.2
2022-01-23 15:30,622,4.8,3.02,380.86,382.76,380.96,1.3,9.5,9.5,4.47,"216,571.00",59.9,99.9,28.35,31.5,5.600000381,5.1
2022-01-23 16:00,619,4.4,2.77,385.44,387.34,385.56,1.5,9.2,9.1,4.42,"216,573.00",60,99.9,24.81,27.96,5.100000381,4.8
2022-01-23 16:30,611.5,3.2,2.02,382.72,384.04,382.72,1.3,8.9,8.6,4.16,"216,575.20",59.9,99.9,14.96,18.11,4.5,4.5
2022-01-23 17:00,603,2.5,1.53,385.62,387.08,385.38,1.5,8.8,8.5,4.19,"216,577.30",59.9,99.9,0,11.81,4.100000381,4.2
2022-01-23 17:30,210.5,2.4,0.52,384.22,385.73,383.68,1.5,8.9,8.4,4.17,"216,578.00",59.9,0,0,0,3.700000763,3.9
2022-01-24 8:00,610.5,3.5,2.1,386.02,388.22,386.32,1.6,8.8,8.5,4.22,"216,578.00",59.9,99.9,11.81,15.36,3.600000381,3.8
2022-01-24 8:30,599.5,3.5,2.15,386.02,387.92,386.32,1.4,8.9,8.6,4.22,"216,579.00",59.9,99.9,12.6,16.54,3.799999237,3.9
2022-01-24 9:00,612.5,3.7,2.28,380.78,382.32,380.58,1.6,9,8.7,4.25,"216,581.00",60,99.9,14.96,18.51,4,4
2022-01-24 9:30,623.5,5.6,3.57,381.68,383.68,381.58,1,9.9,9.8,4.57,"216,583.09",60,99.9,33.47,36.22,4.399999619,4
2022-01-24 10:00,623.5,5.7,3.6,380.88,382.78,380.38,0.9,10,10,4.6,"216,585.30",60,99.9,34.26,37.41,4.399999619,4.1
2022-01-24 10:30,621,5.7,3.54,380.48,382.48,379.87,1,9.9,9.9,4.58,"216,588.00",60,99.9,33.08,36.22,4.399999619,3.9
2022-01-24 11:00,626,7.5,4.74,380.78,383.28,380.68,0.9,11.7,11.8,5.38,"216,590.20",59.9,99.9,51.58,53.94,4.799999237,4.2
2022-01-24 11:30,644,11.9,7.75,379.52,382.92,379.92,1.5,17.6,18,8.17,"216,593.41",60,99.9,98.83,100.41,5.600000381,4.6
2022-01-24 12:00,640.5,10.4,6.67,385.88,388.48,386.08,1.3,15,15.3,7.06,"216,598.00",60,99.9,83.87,85.84,5.700000763,4.6
2022-01-24 12:30,646,11.2,7.29,380.28,383.68,381.28,1.6,16.3,16.7,7.64,"216,601.09",59.9,99.9,91.35,92.53,5.200000763,4.5
2022-01-24 13:00,638.5,12.3,7.88,375.68,378.78,376.72,1.6,17.9,18.2,8.22,"216,605.09",59.9,99.9,100.8,101.98,6.100000381,4.8
2022-01-24 13:30,642.5,13.3,8.61,378.54,381.55,379.34,1.8,19.4,19.9,9.02,"216,609.41",59.9,99.9,115.37,116.55,6.399999619,5
2022-01-24 14:00,637,10.9,7.01,375.72,378.88,376.18,1.2,16.3,16.7,7.45,"216,613.41",59.9,99.9,86.63,88.59,6.200000763,4.8
2022-01-24 14:30,625.5,9.1,5.79,375.48,378.48,375.98,0.8,14,14.3,6.34,"216,617.00",59.9,99.9,69.3,70.88,5.600000381,4.7
2022-01-24 15:00,624,7.4,4.65,374.98,377.33,375.42,0.8,11.8,12,5.34,"216,620.00",60,99.9,51.19,53.16,4.899999619,4.5
2022-01-24 15:30,629,6.7,4.22,377.48,379.54,377.58,0.9,11,11.1,5.03,"216,622.41",60,99.9,44.1,46.46,4.799999237,4.5
2022-01-24 16:00,625,4.9,3.17,381.42,383.42,381.32,1,9.7,9.6,4.48,"216,625.00",59.9,99.9,29.14,31.89,4.399999619,4.2
2022-01-24 16:30,602.5,3.2,1.93,379.86,381.82,380.04,1.4,9.1,8.9,4.27,"216,627.00",60,99.9,11.02,14.96,3.899999619,4
2022-01-24 17:00,484,2.6,1.3,379.42,381.3,379.4,1.7,9.3,8.8,4.35,"216,629.00",60,0,0,9.06,3.299999237,3.7
2022-01-25 8:00,587.5,3,1.81,386.58,388.88,387.48,1.5,8.7,8.4,4.17,"216,629.00",59.9,99.9,0,11.42,2.5,2.8
2022-01-25 8:30,615.5,4.3,2.72,380.47,382.07,380.42,1.3,9,8.9,4.22,"216,630.00",59.9,99.9,19.29,23.23,3,3
2022-01-25 9:00,624.5,6.1,3.83,376.67,378.27,376.77,1,10.2,10.2,4.66,"216,632.09",60,99.9,37.41,40.16,3.899999619,2.9
2022-01-25 9:30,618,5.4,3.38,377.42,378.82,377.02,1.1,9.8,9.7,4.49,"216,634.50",60,99.9,30.71,33.86,3.799999237,3.1
2022-01-25 10:00,634,6.5,4.09,376.15,377.89,376.05,1.1,10.7,10.7,4.9,"216,637.00",60,99.9,42.92,45.28,4.100000381,3.2
2022-01-25 10:30,634,6,3.87,377.25,378.68,376.78,0.9,10.4,10.4,4.73,"216,639.20",60,99.9,39.38,42.13,4.200000763,3.3
2022-01-25 11:00,632,5.5,3.55,376.28,378.08,376.18,1,10,10,4.57,"216,642.00",60,99.9,33.86,37.01,4.399999619,3.5
2022-01-25 11:30,629,5.9,3.77,377.58,379.26,377.18,0.9,10.3,10.4,4.72,"216,644.00",60,99.9,37.41,40.16,4.399999619,3.5
2022-01-25 12:00,624,8.2,5.21,387.22,389.06,386.96,1.2,12.4,12.5,5.85,"216,646.50",60,99.9,61.82,63.79,6,4.2
2022-01-25 12:30,628,8.7,5.52,377.72,380.32,378.02,0.9,13.3,13.5,6.06,"216,649.50",60,99.9,67.72,69.69,6.899999619,4.5
2022-01-25 13:00,629,8.2,5.21,375.02,377.68,375.58,0.8,12.6,12.8,5.7,"216,653.00",59.9,99.9,59.06,61.03,7.600000381,5.2
2022-01-25 13:30,625,8,5.05,377.98,379.92,378.18,0.7,12.3,12.5,5.58,"216,655.20",59.9,99.9,55.91,58.28,6.899999619,5.1
2022-01-25 14:00,635,9.5,6.1,375.72,378.22,376.42,0.9,14.5,14.8,6.58,"216,659.00",59.9,99.9,73.24,75.6,8.100000381,5.6
2022-01-25 14:30,629,11.4,7.24,377.98,380.38,378.76,1.7,16.7,17.1,7.78,"216,662.41",59.9,99.9,94.11,95.68,9.5,6.2
2022-01-25 15:00,629,16.2,10.24,379.17,381.88,379.92,2.9,23.3,23.9,11.01,"216,666.50",60,99.9,144.51,145.69,9.399999619,6.4
2022-01-25 15:30,635,12.6,8.01,379.74,381.74,379.78,1.8,18.4,18.8,8.57,"216,671.09",60,99.9,109.86,111.04,10.39999962,7.2
2022-01-25 16:00,598,10.4,6.39,382.98,385.12,383.32,1.2,14.9,15.2,6.94,"216,675.20",59.9,99.9,94.89,96.47,10.10000038,7.3
2022-01-25 16:30,617,5.5,3.47,376.08,377.88,376.53,0.9,10.1,10.2,4.62,"216,678.00",59.9,99.9,35.83,38.19,7.600000381,6.6
2022-01-25 17:00,606.5,3,1.89,375.54,376.94,375.92,1.2,9,8.8,4.13,"216,680.00",59.9,99.9,12.21,16.14,6.399999619,6.4
2022-01-25 17:30,266,2.4,0.67,376.08,377.22,376.18,1.5,8.9,8.5,4.11,"216,682.00",59.9,0,0,0,5.600000381,6
2022-01-26 7:30,481.5,2.9,1.43,382.71,384.15,382.61,1.4,8.8,8.5,4.14,"216,682.00",59.9,0,0,0,1,2.9
2022-01-26 8:00,636,5.3,3.42,387.62,389.52,387.66,1.2,9.4,9.4,4.48,"216,682.30",60,99.9,26.77,29.14,1.899999619,3.1
2022-01-26 8:30,658,11.5,7.64,381.88,384.38,382.08,1.4,16.9,17.1,7.83,"216,685.30",60,99.9,82.69,86.23,3.5,3.2
2022-01-26 9:00,653.5,18,11.84,382.23,385.02,382.52,3.2,26.2,26.8,12.45,"216,690.41",60,99.9,139.39,143.72,5.899999619,3.7
2022-01-26 9:30,650,27.6,17.97,382.23,385.93,383.19,7.8,40.2,41,19.75,"216,699.00",59.9,99.9,224.83,233.89,9.100000381,4.9
2022-01-26 10:00,627,36.5,23.08,382.12,386.02,383.02,15.4,51.8,53.6,26.79,"216,710.00",60,99.9,325.24,332.72,14.59999847,5.8
2022-01-26 10:30,595.5,42.3,25.35,383.06,387.22,384.25,15.5,57.5,60,29.59,"216,724.00",60,99.9,369.34,378.79,19.59999847,7.7
2022-01-26 11:00,617.5,44.5,27.61,385.28,389.64,387.02,19.1,61.1,63.9,32.27,"216,739.50",60,99.9,416.98,425.25,19.20000076,8.1
2022-01-26 11:30,636,44.7,28.71,385.43,390.48,387.43,14.9,64.4,67.2,32.86,"216,755.59",60,99.9,443.36,452.02,20.79999924,9.2
2022-01-26 12:00,625,49.5,29.82,384.84,389.97,387.73,23.7,67.3,69.2,35.91,"216,772.09",60,99.9,474.86,485.49,21.90000153,9
2022-01-26 12:30,615,45.1,28.84,380.68,385.94,383.88,22,62.6,65,33.19,"216,788.50",60.1,99.9,470.92,480.77,22.59999847,8.7
2022-01-26 13:00,629,43.1,28.35,381.28,386.48,384.68,19.9,61.6,64.6,32.47,"216,804.59",59.8,99.9,466.99,476.04,21,9.2
2022-01-26 13:30,614,45.4,28.22,381.08,385.87,383.87,21.8,61.3,64,32.64,"216,820.80",60,99.9,470.53,479.98,21.59999847,9
2022-01-26 14:00,584,41.4,24.1,381.85,385.98,384.25,14.9,54.2,56.6,27.92,"216,836.00",59.9,99.9,399.26,405.56,19.70000076,10.6
2022-01-26 14:30,590,36.1,21.21,382.41,386.81,384.91,12.8,47.4,49.5,24.41,"216,849.00",60,99.9,355.56,361.46,16.70000076,10.5
2022-01-26 15:00,595,28.8,17.2,382.45,386.65,384.25,9,38.5,40.2,19.5,"216,860.00",59.9,99.9,303.58,309.49,13.5,9.7
2022-01-26 15:30,626,21.7,13.74,382.42,386.38,384.08,5.3,31.2,32.1,15.25,"216,868.50",60,99.9,250.43,255.54,12.29999924,10
2022-01-26 16:00,607,13.6,8.28,383.72,386.52,384.22,2.4,19,19.4,9.07,"216,874.00",59.9,99.9,177.19,181.52,10.20000076,9
2022-01-26 16:30,619,7.9,4.9,379.38,381.58,379.62,1.1,12.5,12.8,5.8,"216,878.00",60,99.9,116.94,120.49,7.899999619,8.9
2022-01-26 17:00,624,4.7,2.96,378.92,380.92,379.22,1,9.6,9.6,4.43,"216,880.09",59.9,99.9,44.89,48.04,5.399999619,7.4
2022-01-26 17:30,578,2.5,1.5,379.46,380.92,379.46,1.5,9,8.7,4.21,"216,882.30",59.9,99.9,0,9.06,3.5,6.4
2022-01-27 7:30,461.5,2.9,1.4,384.63,387.13,385.48,1.3,8.8,8.4,4.12,"216,883.00",59.9,0,0,0,-0.299999237,1.6
2022-01-27 8:00,660.5,6.4,4.29,389.53,392.73,390.41,0.9,10.6,10.6,4.99,"216,883.30",59.9,99.9,36.22,40.56,0.5,1.6
2022-01-27 8:30,665.5,16.4,10.95,378.32,381.72,379.48,2.7,24.1,24.5,11.27,"216,887.20",60,99.9,116.94,125.61,3.700000763,2.3
2022-01-27 9:00,648,26.6,17.17,380.68,384.42,382.52,7.2,38.3,39.4,18.78,"216,895.00",59.9,99.9,200.42,213.41,7,2.7
2022-01-27 9:30,625,24.2,15.08,378.68,382.47,380.47,6.6,34.2,35.3,16.75,"216,906.09",59.9,99.9,176.01,190.18,9.5,3.4
2022-01-27 10:00,601.5,43.7,26.11,380.22,384.88,382.38,17.1,58.7,61.2,30.31,"216,919.09",59.9,99.9,374.46,394.14,14,4.3
2022-01-27 10:30,626,44,28.07,382.73,387.62,385.22,20.3,61.2,63.8,32.37,"216,934.70",59.9,99.9,422.89,440.61,20.59999847,7
2022-01-27 11:00,610.5,49,29.45,383.19,388.11,385.72,12.8,67.4,69.5,33.41,"216,951.09",60,99.9,455.96,469.74,21.40000153,8.3
2022-01-27 11:30,580,36.3,21.97,381.88,386.42,384.58,12.8,47.7,49.6,24.48,"216,967.41",60,99.9,317.36,329.57,19.79999924,8.4
2022-01-27 12:00,641,46.6,29.62,386.42,391.37,389.37,21.4,63.3,66.1,33.94,"216,983.91",59.9,99.9,476.83,496.52,18.40000153,8.2
2022-01-27 12:30,365.5,61.6,22.5,388.02,392.88,390.98,12.7,51.1,53.4,26.49,"217,001.30",59.9,99.9,483.13,500.85,19.70000076,8.9
2022-01-27 13:00,637,46.1,30.31,387.54,392.97,391.11,20.8,68.3,69.8,35.91,"217,018.00",59.8,99.9,520.54,537.08,20.40000153,9
2022-01-27 13:30,637,49.1,31.03,388.08,392.93,391.5,24.5,65.6,68.8,35.92,"217,029.30",59.8,99.9,534.71,551.25,14.29999924,7.7
2022-01-27 14:00,595.5,36.4,21.64,385.54,390.04,387.54,12.8,48.4,50.2,24.98,"217,044.50",59.9,99.9,345.71,355.56,13.59999847,7.5
2022-01-27 14:30,598,41,24.19,385.65,390.75,388.25,16.1,53.4,55.8,28.14,"217,056.30",60.1,99.9,402.02,414.23,14.79999924,8
2022-01-27 15:00,615,30.8,18.82,385.08,388.82,386.58,11.3,41.6,43.8,21.63,"217,068.00",59.9,99.9,319.73,329.17,14.59999847,8.6
2022-01-27 15:30,633,23,14.76,384.65,388.85,386.45,6.5,33,33.8,16.39,"217,078.09",60,99.9,253.18,260.66,12.09999847,8
2022-01-27 16:00,631,13.6,8.62,383.42,386.28,384.68,2.4,19.7,20.2,9.41,"217,084.20",60,99.9,180.34,187.82,8.700000763,7.2
2022-01-27 16:30,629,8.8,5.56,383.43,386.03,384.23,1,13.6,13.9,6.34,"217,088.09",59.9,99.9,123.64,129.15,7,7.1
2022-01-27 17:00,631,5,3.2,382.48,384.57,382.97,1,9.8,9.9,4.58,"217,091.00",59.9,99.9,50.79,54.34,3.899999619,5.5
2022-01-27 17:30,596,2.8,1.72,382.33,383.63,381.88,1.4,8.9,8.7,4.2,"217,093.00",60,99.9,10.24,12.99,2.399999619,4.5
2022-01-28 7:30,530.5,3,1.68,388.08,390.02,388.58,1.6,8.8,8.5,4.25,"217,094.00",59.9,99.9,0,0,-2,-0.4
2022-01-28 8:00,676.5,9.9,6.77,387.79,390.66,388.09,0.9,14.6,14.8,6.81,"217,095.00",60,99.9,64.97,71.66,-0.700000763,0
2022-01-28 8:30,670.5,20.5,13.86,385.22,388.82,386.32,3.8,30.2,30.8,14.49,"217,099.09",59.9,99.9,148.05,161.44,1.200000763,-0.1
2022-01-28 9:00,652,29.5,19.31,382.58,386.78,383.92,9.4,42.8,44.1,21.41,"217,108.00",60,99.9,222.47,241.37,4.899999619,0.5
2022-01-28 9:30,640,38,24.1,383.38,387.52,384.62,14.1,53.4,55.4,27.37,"217,120.50",59.9,99.9,302.4,339.81,9.399999619,1.5
2022-01-28 10:00,623,44.7,27.46,383.62,388.28,384.82,12.6,58.9,61.5,29.66,"217,135.30",60,99.9,401.23,426.43,14,2.5
2022-01-28 10:30,627,45.1,29.47,384.02,388.86,385.28,11.9,68.4,70.5,33.68,"217,151.70",59.9,99.9,455.96,481.95,19.79999924,4.6
2022-01-28 11:00,569.5,56.6,32.45,384.3,388.7,386.02,23.1,71.6,74.2,37.73,"217,169.70",59.9,99.9,504.39,528.41,22.70000076,6.7
2022-01-28 11:30,583,58.8,34.21,385.15,390.18,387.28,27.6,74.2,76.5,39.96,"217,189.20",60,99.9,499.27,524.47,23.5,7.3
2022-01-28 12:00,589,57.5,33.85,387.28,391.88,390.16,25.2,72.7,75.6,39.11,"217,208.91",60,99.9,513.84,540.22,20.59999847,7
2022-01-28 12:30,569,56.7,32.63,383.92,389.32,386.98,23.5,71.7,74.4,37.95,"217,228.09",59.9,99.9,509.51,540.62,17.09999847,6.3
2022-01-28 13:00,592,53.7,31.71,381.98,387.08,384.92,23.2,69.2,71.6,36.49,"217,246.91",60,99.9,500.06,525.66,19.40000153,6.9
2022-01-28 13:30,595.5,51.7,30.23,383.22,387.74,385.86,21.2,66.8,69.5,35.13,"217,265.00",60,99.9,480.38,504.79,18.79999924,6.5
2022-01-28 14:00,551.5,48.3,26.88,382.88,386.68,384.28,18.5,60.1,62.7,31.42,"217,281.00",59.9,99.9,443.76,466.59,14.29999924,5.8
2022-01-28 14:30,597,39.8,23.78,386.47,390.88,388.37,13.7,53.3,55.7,27.57,"217,295.59",59.9,99.9,393.36,413.04,14.70000076,6.4
2022-01-28 15:00,609.5,31.1,18.9,383.32,387.42,384.42,9.6,42.4,44.3,21.44,"217,308.00",60,99.9,331.14,348.47,12.20000076,6.1
2022-01-28 15:30,638,22.2,14.22,383.42,386.68,383.88,6.1,32.1,33.1,15.85,"217,317.41",59.9,99.9,261.84,275.23,10.10000038,6.3
2022-01-28 16:00,620,13.5,8.45,383.08,385.18,382.88,2.6,19.3,19.8,9.24,"217,323.41",60,99.9,189,198.84,7.399999619,5.4
2022-01-28 16:30,622,7.6,4.76,383.28,384.38,382.58,1.1,12,12.3,5.62,"217,327.09",60,99.9,124.43,131.12,4.899999619,5.4
2022-01-28 17:00,635,4.8,3.11,379.58,380.58,378.83,1.2,9.7,9.7,4.51,"217,330.00",60,99.9,60.24,64.57,2.5,4.6
2022-01-28 17:30,622.5,2.9,1.82,381.05,381.6,380.4,1.4,8.9,8.7,4.18,"217,332.00",60,99.9,9.84,12.6,0.299999237,3.5
2022-01-29 8:00,679.5,9.9,6.74,388.72,390.42,388.32,0.9,14.5,14.6,6.74,"217,392.00",59.9,99.9,61.03,67.72,-2.5,-1.5
2022-01-29 8:30,535.5,27.6,14.79,388.86,391.68,389.48,6.2,32,33,16.05,"217,392.00",60,99.9,160.26,176.4,1.700000763,-0.7
2022-01-29 9:00,578,34.4,19.91,392.63,396.12,393.92,9.7,43.2,44.6,22.22,"217,392.00",59.9,99.9,239.4,262.24,5.799999237,0.2
2022-01-29 9:30,613,40.5,25.27,390.71,394.92,392.23,9.8,55.2,57.3,27.77,"217,392.00",59.9,99.9,317.76,366.58,10.10000038,1.6
2022-01-29 10:00,605.5,45.8,28.33,391.24,395.59,392.96,11.3,64.3,66.6,32.35,"217,392.00",60,99.9,418.95,452.81,16.59999847,3.1
2022-01-29 10:30,612.5,50,30.89,390.63,395.18,392.88,23,65.1,68.1,35.49,"217,393.50",60,99.9,478.41,511.88,20.59999847,5.6
2022-01-29 11:00,563,56.8,33.03,391.18,395.92,394.28,24.2,70.8,73.7,38.43,"217,412.30",60,99.9,524.87,556.76,24.5,7.5
2022-01-29 11:30,581.5,58.8,34.43,391.98,396.98,395.55,25.4,75,77.8,40.7,"217,431.80",60,99.9,512.27,547.31,21.40000153,7.9
2022-01-29 12:00,580,59.9,34.49,392.1,397.24,395.26,24.6,74.1,77.3,40.2,"217,451.91",59.9,99.9,527.23,563.46,20.40000153,6.6
2022-01-29 12:30,582,57.8,33.21,389.62,394.48,392.88,24.8,71,73.8,38.49,"217,471.59",60,99.9,526.05,561.09,17,6.6
2022-01-29 13:00,572,55.6,32.15,383.56,389.13,387.46,12.6,77,79.1,37.78,"217,490.80",60,99.9,514.63,543.77,21,6.9
2022-01-29 13:30,321.5,60.2,19.35,387.23,391.32,389.38,10.4,44.5,46.4,22.81,"217,509.09",59.9,99.9,493.37,524.47,18.70000076,6.9
2022-01-29 14:00,580,48.2,27.62,386.28,391.42,389.38,18.1,61.6,64.6,32.48,"217,525.41",59.9,99.9,456.75,485.49,16.5,6.2
2022-01-29 14:30,575,42.4,24.28,388.01,393.06,391.42,13.8,54.6,56.8,28.32,"217,540.30",60,99.9,407.53,431.16,15.79999924,7
2022-01-29 15:00,599,33,19.84,387.68,391.68,390.04,11.1,43.9,46,22.77,"217,553.09",60,99.9,350.83,371.7,12.40000153,6.8
2022-01-29 15:30,635,23.6,15.09,388.22,391.78,389.98,6.6,33.5,34.6,16.85,"217,563.09",59.9,99.9,287.04,302.79,11.60000038,7.6
2022-01-29 16:00,601,14.4,8.72,387.52,389.72,388.24,2.5,19.5,20.1,9.45,"217,569.50",59.9,99.9,214.59,227.19,8.5,6.5
2022-01-29 16:30,580,7.6,4.5,386.47,387.98,386.24,1.2,11.6,11.8,5.5,"217,573.20",59.9,99.9,141.36,149.23,5,5.8
2022-01-29 17:00,636,4.6,2.97,385.92,387.34,385.72,1.4,9.5,9.5,4.55,"217,576.00",60,99.9,77.18,81.9,2.299999237,4.2
2022-01-29 17:30,607,3,1.85,385.64,386.64,384.84,1.5,8.8,8.7,4.23,"217,578.00",60,99.9,10.63,12.99,0,3.4
2022-01-30 7:30,549.5,3.2,1.78,388.23,390.37,388.63,1.6,8.8,8.5,4.25,"217,579.00",60,99.9,0,0,-4.199999809,-2.7
2022-01-30 8:00,678,12.7,8.63,388.48,391.28,388.98,1,18.3,18.5,8.51,"217,580.30",60,99.9,83.47,92.14,-1.799999237,-1.8
2022-01-30 8:30,666,22.8,15.28,388.68,392.48,390.07,5,32.8,33.7,16.14,"217,586.30",59.9,99.9,163.01,179.94,1.5,-1.1
2022-01-30 9:00,651.5,32.4,21.25,390.18,394.69,392.48,11.6,45.5,47.6,23.77,"217,596.30",59.9,99.9,246.49,270.51,4.700000763,-0.5
2022-01-30 9:30,622,40.3,25.16,390.48,395.46,392.97,13.6,55.3,57.6,28.76,"217,609.50",59.9,99.9,313.03,365.01,7.899999619,0.3
2022-01-30 10:00,631.5,45.7,28.32,390.15,395.39,392.36,19.8,59.6,62,32.11,"217,625.00",60,99.9,419.74,455.17,14.79999924,2.2
2022-01-30 10:30,594,53.9,31.88,391.11,396.65,394.1,21.6,68.3,71,36.67,"217,641.91",59.9,99.9,481.56,516.6,20.59999847,5
2022-01-30 11:00,576.5,58.9,34.13,391.26,396.12,394.22,22.7,74.9,77.4,39.87,"217,661.20",59.8,99.9,529.59,568.18,19,5.8
2022-01-30 11:30,580,60.4,35.05,390.51,396.87,394.33,12.2,82.5,84.1,40.8,"217,681.59",59.8,99.9,515.42,551.64,19.90000153,6.3
2022-01-30 12:00,648,48.2,31.8,390.78,396.64,394.48,23,69.8,71.4,37.43,"217,699.41",60,99.9,530.38,571.72,18,6.4
2022-01-30 12:30,590,58.9,34.05,390.18,395.84,393.77,25.2,71.8,73.8,38.86,"217,717.91",60.1,99.9,533.92,573.69,16.29999924,4.8
2022-01-30 13:00,633,47.9,30.5,389.22,395.22,392.57,13.5,68.2,69.8,34.41,"217,735.80",59.8,99.9,524.08,559.52,20,6.1
2022-01-30 13:30,332,56.6,18.85,390.28,393.96,392.08,8.8,43.4,44.8,21.99,"217,753.50",59.9,99.9,468.96,501.64,17.70000076,6.2
2022-01-30 14:00,607.5,46.1,27.95,389.37,394.38,392.13,18.3,61.3,63.6,32.47,"217,769.70",60,99.9,463.05,493.37,14.70000076,5.6
2022-01-30 14:30,586.5,42.6,25.08,389.56,394.23,392.34,14.4,56.2,58.9,29.37,"217,785.20",60,99.9,417.77,442.18,15.90000153,6.4
2022-01-30 15:00,606,33.6,20.4,389.13,393.58,391.68,11.4,44.9,47,23.39,"217,798.09",60,99.9,357.92,378,11.39999962,5.4
2022-01-30 15:30,638,24.2,15.44,388.85,392.48,390.68,6.8,34.3,35.5,17.31,"217,808.30",60,99.9,291.38,308.7,9.700000763,5.8
2022-01-30 16:00,605,14.4,8.8,387.23,390.73,388.33,2.4,19.7,20.3,9.53,"217,815.00",60,99.9,215.77,228.38,8,5.5
2022-01-30 16:30,585.5,7.4,4.44,385.78,388.08,386.08,1.2,11.5,11.8,5.47,"217,819.00",59.9,99.9,144.51,152.77,4.700000763,5.4
2022-01-30 17:00,641,4.7,3,385.52,386.98,384.72,1.2,9.5,9.5,4.5,"217,821.09",59.9,99.9,79.54,84.66,2,3.8
2022-01-30 17:30,608.5,3.1,1.9,384.37,385.58,383.68,1.4,8.9,8.7,4.22,"217,823.30",59.9,99.9,11.02,13.78,-0.200000763,2.8
2022-01-31 7:30,587.5,3.3,1.94,389.42,391.62,390.32,1.3,8.8,8.5,4.2,"217,824.41",59.9,99.9,0,0,-3.5,-1.3
2022-01-31 8:00,674.5,13.3,9.05,390.42,393.33,391.22,1.4,19,19.4,9.01,"217,826.09",59.9,99.9,88.59,98.04,-0.5,-0.5
2022-01-31 8:30,657.5,24.8,16.32,391.63,395.22,393.43,6.6,34.6,35.8,17.52,"217,833.00",59.9,99.9,175.61,193.73,2.399999619,0
2022-01-31 9:00,647,33.3,21.52,392.28,396.82,394.62,12.3,46.1,48.2,24.33,"217,843.30",59.9,99.9,252.39,277.2,6.5,1.2
2022-01-31 9:30,613,42.3,25.89,392.05,396.98,394.68,14.5,57.1,59.7,29.97,"217,856.80",59.8,99.9,328.39,383.91,11.10000038,2.6
2022-01-31 10:00,608.5,45.4,28.77,391.95,397.2,395.1,18.3,62.5,65.2,33.35,"217,872.59",60,99.9,428.79,464.23,17.29999924,4.6
2022-01-31 10:30,586.5,54.6,31.59,391.38,396.28,394.38,22.8,67.4,70.1,36.53,"217,890.09",59.9,99.9,485.1,520.93,21.70000076,5.6
2022-01-31 11:00,569,58.9,33.41,391.48,396.48,394.78,22.6,72.7,75.6,38.98,"217,909.00",59.9,99.9,528.81,559.13,24.79999924,7.5
2022-01-31 11:30,645,47.2,30.66,392.98,397.82,395.88,24.3,62.6,65,34.75,"217,928.50",59.9,99.9,514.24,550.46,25.59999847,9.6
2022-01-31 12:00,629,50.7,31.04,391.83,397.18,395.38,24.3,63.9,66.8,35.4,"217,946.09",59.8,99.9,531.56,567.39,26.09999847,9.9
2022-01-31 12:30,621,50.7,31.22,391.95,397.28,395.38,12.3,68.4,71,34.68,"217,963.00",60.1,99.9,553.22,587.87,22.29999924,9.8
2022-01-31 13:00,583,55.7,32.23,389.12,394.77,393.12,20.5,70.8,72.9,37.29,"217,980.80",59.9,99.9,518.57,554.79,17.59999847,8.7
2022-01-31 13:30,626,47.3,29.54,390.42,395.28,393.68,18.9,64.9,67.1,34.32,"217,998.70",60,99.9,495.34,528.02,17.09999847,7.6
2022-01-31 14:00,573,43.7,25.1,389.86,394.37,392.75,8.6,58.4,59.6,28.75,"218,014.91",59.8,99.9,417.77,444.54,16.29999924,8
2022-01-31 14:30,573,42.2,24.3,390.16,394.83,392.63,14.4,54,56.1,28.27,"218,029.59",60,99.9,409.89,434.31,15.5,9.3
2022-01-31 15:00,600,33.2,19.94,391.41,395.08,393.32,9.5,44.6,46.2,22.81,"218,042.00",59.9,99.9,355.16,375.24,13.79999924,9.1
2022-01-31 15:30,624,23.6,14.87,391.22,394.72,392.62,5.2,33.3,34,16.47,"218,052.00",59.9,99.9,285.08,302.01,11.39999962,9.7
2022-01-31 16:00,604,14.5,8.84,387.64,389.32,387.68,2.2,19.9,20.4,9.53,"218,058.41",59.9,99.9,217.35,229.95,9.700000763,8.2
2022-01-31 16:30,582,7.6,4.52,385.98,387.68,386.28,0.7,11.7,11.9,5.43,"218,062.09",60,99.9,145.69,153.96,6.600000381,7.9
2022-01-31 17:00,638,4.7,3.11,384.28,385.78,384.48,1.1,9.5,9.6,4.49,"218,065.00",60,99.9,84.26,89.78,4.100000381,5.9
2022-01-31 17:30,617,2.9,1.83,385.12,386.12,384.82,1.4,8.8,8.6,4.18,"218,067.00",60,99.9,11.81,14.96,1.5,5.2
,,,,,,,,,,,,,,,,,
,,,,,,,,,,,,,,,,,
,,,,,,,,,,,,,,,,,
,,,,,,,,,,,,,,,,,
